団体コード,都道府県名,団体名,財政力指数,経常収支比率,実質公債費比率,将来負担比率,ラスパイレス指数
011002,北海道,札幌市,0.74,97.1,2.6,43.0,99.6
012025,北海道,函館市,0.48,93.5,6.4,46.1,97.5
012033,北海道,小樽市,0.46,96.9,6.8,34.5,96.4
012041,北海道,旭川市,0.54,94.9,8.2,85.8,98.8
012050,北海道,室蘭市,0.63,96.8,9.5,52.2,98.7
012068,北海道,釧路市,0.45,95.5,11.0,70.5,99.8
012076,北海道,帯広市,0.61,91.0,8.7,70.2,99.9
012084,北海道,北見市,0.45,95.9,8.9,158.9,96.9
012092,北海道,夕張市,0.21,124.9,70.0,336.0,89.6
012106,北海道,岩見沢市,0.38,97.8,8.4,70.7,99.3
012114,北海道,網走市,0.44,96.7,17.4,112.5,96.7
012122,北海道,留萌市,0.33,94.6,12.5,56.3,96.0
012131,北海道,苫小牧市,0.79,89.2,6.5,65.2,98.6
012149,北海道,稚内市,0.39,89.8,11.3,58.6,96.9
012157,北海道,美唄市,0.27,99.9,12.9,118.6,96.9
012165,北海道,芦別市,0.26,99.6,5.5,91.7,92.2
012173,北海道,江別市,0.56,92.6,6.3,16.8,98.0
012181,北海道,赤平市,0.20,93.2,11.6,106.6,95.9
012190,北海道,紋別市,0.32,85.0,10.0,-,95.0
012203,北海道,士別市,0.26,98.1,13.5,136.6,97.9
012211,北海道,名寄市,0.27,92.6,9.7,19.3,99.6
012220,北海道,三笠市,0.20,97.0,8.7,29.1,98.0
012238,北海道,根室市,0.35,93.9,8.6,-,98.4
012246,北海道,千歳市,0.78,90.6,8.2,16.6,97.5
012254,北海道,滝川市,0.41,92.9,9.4,68.2,97.2
012262,北海道,砂川市,0.32,83.9,4.5,73.9,99.2
012271,北海道,歌志内市,0.11,91.4,11.2,-,94.0
012289,北海道,深川市,0.27,84.6,14.6,122.3,98.3
012297,北海道,富良野市,0.37,92.0,7.0,33.1,99.6
012301,北海道,登別市,0.47,99.8,12.4,81.8,95.3
012319,北海道,恵庭市,0.61,92.6,4.9,12.2,98.6
012335,北海道,伊達市,0.39,87.4,4.8,-,98.2
012343,北海道,北広島市,0.65,95.4,6.0,89.0,98.8
012351,北海道,石狩市,0.53,94.1,7.4,63.0,98.3
012360,北海道,北斗市,0.48,89.8,4.4,-,98.1
013030,北海道,当別町,0.38,94.8,10.1,47.0,96.8
013048,北海道,新篠津村,0.21,85.1,2.0,11.6,97.2
013315,北海道,松前町,0.19,83.5,7.9,29.9,97.3
013323,北海道,福島町,0.23,84.7,11.1,24.8,96.4
013331,北海道,知内町,0.28,78.6,12.3,-,97.4
013340,北海道,木古内町,0.21,94.1,11.3,71.0,99.1
013374,北海道,七飯町,0.48,90.8,11.2,65.4,98.0
013439,北海道,鹿部町,0.26,91.3,2.2,-,96.8
013455,北海道,森町,0.31,93.4,13.8,29.6,99.5
013463,北海道,八雲町,0.29,91.6,11.4,16.8,96.3
013471,北海道,長万部町,0.24,86.2,11.9,45.0,97.8
013617,北海道,江差町,0.28,91.5,15.6,58.8,96.5
013625,北海道,上ノ国町,0.17,86.9,6.6,-,98.0
013633,北海道,厚沢部町,0.17,79.4,5.8,-,93.6
013641,北海道,乙部町,0.15,69.6,4.3,-,95.6
013676,北海道,奥尻町,0.13,84.3,10.3,22.3,89.8
013706,北海道,今金町,0.20,78.6,6.1,-,96.5
013714,北海道,せたな町,0.15,87.7,8.8,-,96.4
013919,北海道,島牧村,0.09,89.4,6.3,28.5,99.6
013927,北海道,寿都町,0.14,85.6,12.5,27.5,98.3
013935,北海道,黒松内町,0.15,84.2,11.6,47.9,95.3
013943,北海道,蘭越町,0.19,85.9,11.8,-,94.6
013951,北海道,ニセコ町,0.33,89.3,10.0,62.5,95.0
013960,北海道,真狩村,0.17,92.9,11.4,94.8,96.4
013978,北海道,留寿都村,0.26,89.7,9.4,68.7,99.2
013986,北海道,喜茂別町,0.19,85.7,9.8,79.1,98.4
013994,北海道,京極町,0.79,79.1,7.2,-,96.6
014001,北海道,倶知安町,0.61,85.7,7.1,95.9,96.1
014010,北海道,共和町,0.26,89.2,9.0,-,97.4
014028,北海道,岩内町,0.32,88.4,15.5,138.3,96.5
014036,北海道,泊村,1.58,39.4,1.2,-,97.9
014044,北海道,神恵内村,0.10,96.3,6.6,8.0,99.4
014052,北海道,積丹町,0.11,88.2,10.0,56.8,98.5
014061,北海道,古平町,0.12,84.5,8.7,-,95.4
014079,北海道,仁木町,0.18,87.5,9.8,-,97.3
014087,北海道,余市町,0.34,90.7,7.1,47.6,98.2
014095,北海道,赤井川村,0.26,110.9,6.6,-,96.8
014231,北海道,南幌町,0.29,86.1,11.2,86.6,97.1
014249,北海道,奈井江町,0.26,90.9,11.5,52.2,96.2
014257,北海道,上砂川町,0.12,81.3,5.9,30.8,95.3
014273,北海道,由仁町,0.22,88.2,15.1,111.8,95.0
014281,北海道,長沼町,0.31,85.7,11.2,66.7,96.7
014290,北海道,栗山町,0.30,96.8,11.7,54.1,96.8
014303,北海道,月形町,0.17,71.7,2.7,-,96.7
014311,北海道,浦臼町,0.16,72.9,▲ 2.1,-,96.6
014320,北海道,新十津川町,0.19,78.1,0.5,-,96.5
014338,北海道,妹背牛町,0.18,76.6,6.6,51.3,97.5
014346,北海道,秩父別町,0.16,87.0,6.1,-,99.2
014362,北海道,雨竜町,0.15,86.2,8.4,-,97.0
014371,北海道,北竜町,0.14,89.4,10.2,-,96.9
014389,北海道,沼田町,0.16,79.6,▲ 0.6,-,96.8
014524,北海道,鷹栖町,0.30,88.3,4.9,28.7,97.4
014532,北海道,東神楽町,0.39,81.6,8.9,6.2,99.8
014541,北海道,当麻町,0.22,81.3,5.6,38.2,95.4
014559,北海道,比布町,0.18,90.0,8.5,24.2,97.9
014567,北海道,愛別町,0.16,97.2,8.8,9.9,95.5
014575,北海道,上川町,0.17,91.0,12.4,95.8,101.9
014583,北海道,東川町,0.25,80.4,9.4,11.1,99.2
014591,北海道,美瑛町,0.22,84.3,11.0,54.6,99.4
014605,北海道,上富良野町,0.30,88.1,6.5,36.8,97.8
014613,北海道,中富良野町,0.24,76.8,7.1,-,97.1
014621,北海道,南富良野町,0.13,89.0,13.7,16.4,97.5
014630,北海道,占冠村,0.27,95.6,8.6,52.0,100.0
014648,北海道,和寒町,0.16,76.3,2.9,-,98.2
014656,北海道,剣淵町,0.16,86.3,4.9,-,99.5
014681,北海道,下川町,0.16,88.1,5.9,24.0,97.1
014699,北海道,美深町,0.17,73.1,6.5,-,96.0
014702,北海道,音威子府村,0.11,92.9,6.1,27.8,97.7
014711,北海道,中川町,0.12,89.5,13.3,-,98.6
014729,北海道,幌加内町,0.11,91.5,2.1,-,95.5
014818,北海道,増毛町,0.16,86.0,10.7,-,95.2
014826,北海道,小平町,0.15,80.3,10.2,-,95.2
014834,北海道,苫前町,0.16,82.2,9.7,-,94.3
014842,北海道,羽幌町,0.20,86.2,10.4,6.8,94.7
014851,北海道,初山別村,0.11,81.8,6.6,-,94.6
014869,北海道,遠別町,0.14,82.3,8.0,10.4,97.1
014877,北海道,天塩町,0.16,82.8,8.3,21.6,96.2
015113,北海道,猿払村,0.26,89.7,9.9,8.7,96.5
015121,北海道,浜頓別町,0.20,88.9,8.0,6.7,97.5
015130,北海道,中頓別町,0.11,62.6,▲ 1.5,-,96.6
015148,北海道,枝幸町,0.20,80.5,7.8,-,96.2
015164,北海道,豊富町,0.19,74.1,14.5,-,96.7
015172,北海道,礼文町,0.13,74.4,12.9,-,94.3
015181,北海道,利尻町,0.11,78.3,11.2,102.0,95.3
015199,北海道,利尻富士町,0.12,80.4,13.9,12.0,95.1
015202,北海道,幌延町,0.24,76.4,7.8,-,99.8
015431,北海道,美幌町,0.37,82.1,7.4,-,96.7
015440,北海道,津別町,0.21,81.5,6.3,-,98.5
015458,北海道,斜里町,0.37,85.3,9.9,94.1,94.7
015466,北海道,清里町,0.19,75.6,9.3,-,97.3
015474,北海道,小清水町,0.22,83.6,11.7,-,97.1
015491,北海道,訓子府町,0.24,75.5,6.2,-,96.4
015504,北海道,置戸町,0.14,77.9,6.9,-,100.1
015521,北海道,佐呂間町,0.26,79.7,7.5,-,98.2
015555,北海道,遠軽町,0.27,92.0,9.7,17.8,96.6
015598,北海道,湧別町,0.26,78.8,6.6,-,96.0
015601,北海道,滝上町,0.13,79.1,6.3,-,96.2
015610,北海道,興部町,0.22,78.0,8.7,2.6,96.9
015628,北海道,西興部村,0.10,92.7,12.4,-,96.3
015636,北海道,雄武町,0.20,75.2,8.2,-,99.3
015644,北海道,大空町,0.26,89.4,10.5,-,97.4
015717,北海道,豊浦町,0.19,85.3,13.2,-,97.4
015750,北海道,壮瞥町,0.20,91.2,12.6,-,93.5
015784,北海道,白老町,0.39,92.2,13.3,31.7,98.9
015814,北海道,厚真町,0.48,83.6,9.7,-,98.7
015849,北海道,洞爺湖町,0.29,94.4,10.9,42.1,98.7
015857,北海道,安平町,0.46,90.3,10.5,54.3,98.2
015865,北海道,むかわ町,0.23,90.0,9.6,5.0,97.7
016012,北海道,日高町,0.27,97.8,11.6,65.4,97.7
016021,北海道,平取町,0.19,83.6,4.8,39.1,97.2
016047,北海道,新冠町,0.23,89.8,7.5,6.9,95.8
016071,北海道,浦河町,0.30,80.7,11.1,30.9,96.3
016080,北海道,様似町,0.19,88.9,10.3,48.8,96.7
016098,北海道,えりも町,0.17,89.9,9.7,-,96.1
016101,北海道,新ひだか町,0.33,89.8,9.6,41.6,95.5
016314,北海道,音更町,0.51,88.9,10.7,56.5,97.6
016322,北海道,士幌町,0.30,86.4,6.3,-,98.7
016331,北海道,上士幌町,0.24,89.9,7.5,-,97.8
016349,北海道,鹿追町,0.27,80.3,10.3,-,98.6
016357,北海道,新得町,0.25,82.5,10.9,-,97.8
016365,北海道,清水町,0.35,87.4,6.1,1.0,98.6
016373,北海道,芽室町,0.50,82.2,4.4,58.5,98.1
016381,北海道,中札内村,0.30,87.7,5.6,-,96.7
016390,北海道,更別村,0.28,82.6,9.9,-,97.8
016411,北海道,大樹町,0.25,87.6,9.5,16.9,96.9
016420,北海道,広尾町,0.24,86.6,15.0,52.7,97.3
016438,北海道,幕別町,0.36,85.9,9.0,85.9,97.0
016446,北海道,池田町,0.23,87.5,12.8,44.6,97.3
016454,北海道,豊頃町,0.22,83.5,7.3,-,97.9
016462,北海道,本別町,0.28,84.4,10.8,41.4,96.5
016471,北海道,足寄町,0.20,87.5,9.7,-,97.1
016489,北海道,陸別町,0.18,77.4,10.1,-,96.1
016497,北海道,浦幌町,0.20,89.3,8.2,0.6,95.3
016616,北海道,釧路町,0.50,93.1,8.0,46.4,96.8
016624,北海道,厚岸町,0.23,93.2,11.9,79.6,98.5
016632,北海道,浜中町,0.22,85.7,10.9,84.2,99.3
016641,北海道,標茶町,0.23,88.5,8.7,27.7,98.2
016659,北海道,弟子屈町,0.23,93.8,16.4,75.7,96.1
016675,北海道,鶴居村,0.19,81.3,4.8,-,99.4
016683,北海道,白糠町,0.26,82.0,8.7,-,96.5
016918,北海道,別海町,0.32,92.9,12.3,80.0,97.4
016926,北海道,中標津町,0.43,94.8,13.5,91.5,94.1
016934,北海道,標津町,0.22,72.0,8.6,-,95.8
016942,北海道,羅臼町,0.25,85.2,7.8,-,97.8
022012,青森県,青森市,0.56,92.2,14.2,89.3,97.2
022021,青森県,弘前市,0.50,96.6,6.4,48.6,94.6
022039,青森県,八戸市,0.67,91.9,9.5,126.0,98.5
022047,青森県,黒石市,0.37,90.4,15.6,51.2,92.1
022055,青森県,五所川原市,0.33,97.2,10.5,125.0,98.0
022063,青森県,十和田市,0.44,90.3,8.2,11.6,96.6
022071,青森県,三沢市,0.52,91.0,10.0,59.4,94.6
022080,青森県,むつ市,0.38,98.1,15.4,144.7,96.8
022098,青森県,つがる市,0.24,93.5,12.4,134.2,95.9
022101,青森県,平川市,0.29,93.8,8.9,-,94.8
023019,青森県,平内町,0.27,82.2,9.8,84.1,98.0
023035,青森県,今別町,0.21,78.8,3.9,26.7,97.0
023043,青森県,蓬田村,0.20,83.6,2.7,-,99.5
023078,青森県,外ヶ浜町,0.19,96.9,10.9,43.2,97.6
023213,青森県,鰺ケ沢町,0.22,98.6,14.5,190.0,93.3
023230,青森県,深浦町,0.17,96.7,10.8,46.4,94.5
023434,青森県,西目屋村,0.15,92.7,11.6,45.1,92.9
023612,青森県,藤崎町,0.29,87.4,13.2,55.1,94.2
023621,青森県,大鰐町,0.23,94.6,15.1,118.0,90.6
023671,青森県,田舎館村,0.29,85.9,6.4,-,93.0
023817,青森県,板柳町,0.28,90.7,9.2,-,93.7
023841,青森県,鶴田町,0.28,90.6,12.5,142.4,96.2
023876,青森県,中泊町,0.22,93.2,11.1,84.1,94.0
024015,青森県,野辺地町,0.39,99.9,7.6,21.7,95.5
024023,青森県,七戸町,0.38,86.7,4.8,6.0,96.9
024058,青森県,六戸町,0.43,88.0,8.6,-,97.2
024066,青森県,横浜町,0.32,93.0,6.1,-,99.1
024082,青森県,東北町,0.31,89.5,11.7,110.9,97.7
024112,青森県,六ケ所村,1.79,89.1,4.8,-,100.5
024121,青森県,おいらせ町,0.47,95.3,11.1,4.0,94.8
024236,青森県,大間町,0.28,85.7,14.8,42.0,98.3
024244,青森県,東通村,0.71,81.7,16.5,-,93.7
024252,青森県,風間浦村,0.10,92.2,13.4,0.2,94.3
024261,青森県,佐井村,0.12,84.1,6.4,-,95.7
024414,青森県,三戸町,0.26,94.3,11.5,57.0,93.6
024422,青森県,五戸町,0.29,88.0,9.4,19.1,94.0
024431,青森県,田子町,0.22,89.6,8.4,30.3,92.5
024457,青森県,南部町,0.28,86.6,7.5,-,93.4
024465,青森県,階上町,0.37,91.3,11.3,25.4,96.4
024503,青森県,新郷村,0.15,82.7,7.1,-,92.7
032018,岩手県,盛岡市,0.75,96.0,9.7,59.5,99.4
032026,岩手県,宮古市,0.39,93.0,8.2,21.2,95.4
032034,岩手県,大船渡市,0.46,93.3,11.9,104.2,96.6
032051,岩手県,花巻市,0.48,86.1,8.6,68.5,95.7
032069,岩手県,北上市,0.76,92.0,7.9,42.3,99.6
032077,岩手県,久慈市,0.42,88.6,13.6,120.8,96.5
032085,岩手県,遠野市,0.31,88.4,11.1,60.3,98.1
032093,岩手県,一関市,0.37,95.8,10.7,77.0,97.8
032107,岩手県,陸前高田市,0.33,94.5,14.9,-,94.7
032115,岩手県,釜石市,0.53,99.1,15.8,-,96.3
032131,岩手県,二戸市,0.36,93.9,11.2,35.4,96.7
032140,岩手県,八幡平市,0.30,98.3,16.2,47.0,96.2
032158,岩手県,奥州市,0.44,96.4,16.2,73.9,98.6
032166,岩手県,滝沢市,0.60,87.7,6.2,57.3,96.8
033014,岩手県,雫石町,0.40,92.8,6.3,50.9,95.3
033022,岩手県,葛巻町,0.16,85.2,8.4,5.5,97.3
033031,岩手県,岩手町,0.34,87.7,7.1,29.9,94.6
033219,岩手県,紫波町,0.47,93.1,12.9,122.6,94.8
033227,岩手県,矢巾町,0.69,99.5,15.0,125.6,97.8
033669,岩手県,西和賀町,0.15,86.1,11.2,85.6,96.9
033812,岩手県,金ケ崎町,0.68,85.1,13.8,-,94.4
034029,岩手県,平泉町,0.32,88.1,8.8,63.9,98.4
034410,岩手県,住田町,0.19,86.2,9.6,-,94.1
034614,岩手県,大槌町,0.32,91.5,13.0,-,96.6
034827,岩手県,山田町,0.33,89.9,6.1,-,95.8
034835,岩手県,岩泉町,0.16,95.9,13.8,-,96.2
034843,岩手県,田野畑村,0.16,88.0,8.7,-,88.4
034851,岩手県,普代村,0.17,98.6,9.6,-,95.2
035017,岩手県,軽米町,0.29,89.8,10.8,74.8,91.9
035033,岩手県,野田村,0.21,87.4,7.1,-,91.9
035068,岩手県,九戸村,0.21,82.1,6.9,-,92.3
035076,岩手県,洋野町,0.26,85.8,12.2,18.9,92.2
035246,岩手県,一戸町,0.34,92.3,8.7,21.8,97.0
041009,宮城県,仙台市,0.91,98.5,6.1,71.2,102.6
042021,宮城県,石巻市,0.54,99.8,9.1,0.8,97.4
042030,宮城県,塩竈市,0.52,95.5,5.3,-,96.9
042056,宮城県,気仙沼市,0.46,101.6,9.2,-,95.3
042064,宮城県,白石市,0.50,91.7,4.5,-,96.4
042072,宮城県,名取市,0.85,99.6,3.9,-,95.7
042081,宮城県,角田市,0.52,98.8,9.2,79.5,96.6
042099,宮城県,多賀城市,0.72,99.6,4.7,-,93.1
042111,宮城県,岩沼市,0.82,99.5,▲ 1.1,-,97.0
042129,宮城県,登米市,0.37,93.9,7.2,83.1,93.6
042137,宮城県,栗原市,0.32,94.2,8.6,44.8,94.1
042145,宮城県,東松島市,0.46,93.3,7.5,-,94.2
042153,宮城県,大崎市,0.50,94.4,6.9,51.6,97.9
042161,宮城県,富谷市,0.83,91.7,▲ 2.2,-,93.1
043010,宮城県,蔵王町,0.48,91.7,4.6,6.7,98.8
043028,宮城県,七ケ宿町,0.33,86.9,6.6,-,97.7
043214,宮城県,大河原町,0.64,93.4,▲ 0.3,57.5,94.9
043222,宮城県,村田町,0.43,94.8,12.7,115.4,92.7
043231,宮城県,柴田町,0.63,93.5,3.7,32.8,96.0
043249,宮城県,川崎町,0.33,93.2,4.7,-,98.2
043419,宮城県,丸森町,0.30,87.5,11.1,8.1,90.4
043613,宮城県,亘理町,0.60,90.2,5.0,-,93.5
043621,宮城県,山元町,0.40,94.2,7.8,-,88.5
044016,宮城県,松島町,0.46,93.5,7.0,13.1,92.4
044041,宮城県,七ケ浜町,0.57,94.2,0.5,-,93.1
044067,宮城県,利府町,0.84,88.5,7.2,53.8,94.5
044211,宮城県,大和町,1.06,91.6,0.8,-,95.3
044229,宮城県,大郷町,0.47,90.9,8.8,-,95.7
044245,宮城県,大衡村,0.79,96.8,5.8,-,93.8
044440,宮城県,色麻町,0.30,85.0,10.7,101.8,95.5
044458,宮城県,加美町,0.35,91.2,8.1,41.0,95.3
045012,宮城県,涌谷町,0.40,89.0,9.2,40.1,94.4
045055,宮城県,美里町,0.43,89.6,7.5,26.5,94.4
045811,宮城県,女川町,1.04,87.0,3.4,-,93.1
046060,宮城県,南三陸町,0.32,97.2,8.1,-,90.4
052019,秋田県,秋田市,0.67,91.5,9.1,77.6,98.0
052027,秋田県,能代市,0.45,94.1,7.4,33.0,96.4
052035,秋田県,横手市,0.33,92.1,7.0,14.6,97.2
052043,秋田県,大館市,0.42,93.3,8.4,87.5,98.0
052060,秋田県,男鹿市,0.35,92.9,9.6,52.7,95.8
052078,秋田県,湯沢市,0.31,94.4,12.4,80.1,95.2
052094,秋田県,鹿角市,0.33,91.4,8.4,52.2,97.3
052108,秋田県,由利本荘市,0.34,92.1,10.6,105.3,96.6
052116,秋田県,潟上市,0.33,94.3,6.8,66.0,94.2
052124,秋田県,大仙市,0.34,90.9,10.6,108.3,96.9
052132,秋田県,北秋田市,0.26,95.4,10.0,71.5,97.2
052141,秋田県,にかほ市,0.36,89.7,8.5,72.2,93.5
052159,秋田県,仙北市,0.26,95.8,9.9,121.1,96.3
053031,秋田県,小坂町,0.29,89.3,16.0,82.0,95.4
053279,秋田県,上小阿仁村,0.13,94.5,6.1,-,92.1
053465,秋田県,藤里町,0.13,88.5,7.6,32.7,95.2
053481,秋田県,三種町,0.26,90.2,7.3,-,95.0
053490,秋田県,八峰町,0.17,93.7,9.6,-,94.8
053619,秋田県,五城目町,0.26,92.4,10.5,85.7,94.2
053635,秋田県,八郎潟町,0.26,88.5,11.8,-,89.7
053660,秋田県,井川町,0.23,82.4,7.0,-,93.6
053686,秋田県,大潟村,0.37,91.0,8.6,15.8,96.3
054348,秋田県,美郷町,0.25,84.4,▲ 0.3,-,93.0
054631,秋田県,羽後町,0.26,90.6,10.3,23.1,94.0
054640,秋田県,東成瀬村,0.12,100.4,15.7,46.6,95.9
062014,山形県,山形市,0.78,89.3,7.6,86.4,100.8
062022,山形県,米沢市,0.59,92.5,8.2,47.7,99.3
062031,山形県,鶴岡市,0.43,91.3,5.8,50.5,100.9
062049,山形県,酒田市,0.50,93.8,10.0,38.3,98.9
062057,山形県,新庄市,0.53,94.1,7.2,18.0,99.6
062065,山形県,寒河江市,0.55,90.5,7.5,8.3,98.1
062073,山形県,上山市,0.50,93.3,6.8,66.8,98.4
062081,山形県,村山市,0.37,83.3,10.0,95.2,98.7
062090,山形県,長井市,0.45,85.3,11.3,232.0,99.3
062103,山形県,天童市,0.71,89.9,4.4,-,100.0
062111,山形県,東根市,0.68,93.3,7.1,13.5,97.9
062120,山形県,尾花沢市,0.30,92.8,6.9,71.7,97.3
062138,山形県,南陽市,0.49,93.8,11.9,131.5,100.0
063011,山形県,山辺町,0.39,91.0,11.3,32.7,95.8
063029,山形県,中山町,0.38,93.6,12.2,93.8,99.2
063215,山形県,河北町,0.46,94.4,9.3,27.4,98.2
063223,山形県,西川町,0.24,93.5,10.6,-,99.6
063231,山形県,朝日町,0.21,95.9,6.0,-,100.2
063240,山形県,大江町,0.28,87.6,6.7,11.3,96.5
063410,山形県,大石田町,0.24,93.1,10.9,84.0,99.3
063614,山形県,金山町,0.21,96.6,10.3,41.7,98.2
063622,山形県,最上町,0.24,91.6,8.5,43.6,100.4
063631,山形県,舟形町,0.21,88.5,13.4,1.4,100.4
063649,山形県,真室川町,0.21,89.0,5.9,41.7,99.5
063657,山形県,大蔵村,0.16,89.5,7.5,-,99.3
063665,山形県,鮭川村,0.19,85.8,7.0,-,101.0
063673,山形県,戸沢村,0.17,80.8,10.6,103.0,98.6
063819,山形県,高畠町,0.41,94.0,10.7,111.1,99.8
063827,山形県,川西町,0.25,94.2,12.9,145.5,97.8
064017,山形県,小国町,0.27,87.4,12.2,76.6,97.6
064025,山形県,白鷹町,0.29,89.2,8.7,57.5,97.0
064033,山形県,飯豊町,0.21,90.4,10.6,123.1,99.3
064262,山形県,三川町,0.41,85.9,11.4,117.8,97.0
064289,山形県,庄内町,0.31,98.0,11.7,53.6,96.4
064611,山形県,遊佐町,0.31,87.2,9.4,69.6,97.1
072010,福島県,福島市,0.79,89.8,1.1,14.7,101.5
072028,福島県,会津若松市,0.63,90.6,5.1,37.5,100.7
072036,福島県,郡山市,0.85,87.4,3.2,-,101.3
072044,福島県,いわき市,0.80,87.1,7.2,9.4,101.0
072052,福島県,白河市,0.64,86.9,10.4,53.0,99.4
072079,福島県,須賀川市,0.59,96.1,8.4,60.8,100.6
072087,福島県,喜多方市,0.37,95.5,7.5,50.7,101.2
072095,福島県,相馬市,0.70,98.4,11.8,39.0,99.5
072109,福島県,二本松市,0.46,93.1,9.3,57.2,99.1
072117,福島県,田村市,0.35,88.7,8.3,1.5,97.0
072125,福島県,南相馬市,0.68,93.4,9.3,-,97.0
072133,福島県,伊達市,0.40,96.2,7.2,56.6,97.6
072141,福島県,本宮市,0.67,90.3,6.4,57.4,99.8
073016,福島県,桑折町,0.46,88.0,9.6,36.6,99.0
073032,福島県,国見町,0.33,86.4,4.3,23.0,99.7
073083,福島県,川俣町,0.38,87.2,4.5,16.8,98.7
073229,福島県,大玉村,0.38,82.7,7.2,-,97.6
073423,福島県,鏡石町,0.62,85.9,8.1,30.2,99.5
073440,福島県,天栄村,0.34,81.1,8.1,14.5,100.4
073628,福島県,下郷町,0.38,84.4,6.4,-,98.7
073644,福島県,檜枝岐村,0.35,97.9,0.7,-,96.2
073679,福島県,只見町,0.25,82.5,3.0,-,97.1
073687,福島県,南会津町,0.23,90.3,5.4,32.5,96.6
074021,福島県,北塩原村,0.25,93.2,14.4,97.7,97.3
074055,福島県,西会津町,0.21,88.6,12.8,103.2,99.5
074071,福島県,磐梯町,0.29,87.9,11.8,-,97.1
074080,福島県,猪苗代町,0.39,89.5,10.7,46.8,97.2
074217,福島県,会津坂下町,0.38,85.6,12.2,64.5,97.7
074225,福島県,湯川村,0.24,91.0,10.4,-,100.0
074233,福島県,柳津町,0.19,82.3,4.7,-,97.5
074446,福島県,三島町,0.15,87.1,4.8,-,97.4
074454,福島県,金山町,0.24,81.4,4.4,-,98.4
074462,福島県,昭和村,0.10,95.9,5.9,-,92.7
074471,福島県,会津美里町,0.28,89.1,5.2,-,97.7
074616,福島県,西郷村,0.94,85.3,4.1,-,100.7
074641,福島県,泉崎村,0.60,88.9,7.7,-,96.2
074659,福島県,中島村,0.33,87.1,9.2,-,97.0
074667,福島県,矢吹町,0.61,83.2,11.5,89.5,99.4
074811,福島県,棚倉町,0.55,82.1,13.1,-,98.9
074829,福島県,矢祭町,0.40,79.0,2.6,-,98.1
074837,福島県,塙町,0.29,90.2,8.9,21.8,97.0
074845,福島県,鮫川村,0.18,82.0,6.6,-,98.7
075019,福島県,石川町,0.43,86.9,4.6,26.8,100.5
075027,福島県,玉川村,0.40,87.6,10.8,36.8,98.8
075035,福島県,平田村,0.27,84.1,11.5,77.7,99.0
075043,福島県,浅川町,0.36,83.6,5.4,10.5,100.0
075051,福島県,古殿町,0.23,87.7,7.8,-,98.9
075213,福島県,三春町,0.46,85.8,8.1,17.5,95.9
075221,福島県,小野町,0.36,86.7,5.6,-,97.4
075418,福島県,広野町,1.18,80.9,6.1,-,98.8
075426,福島県,楢葉町,0.86,81.5,0.5,-,97.1
075434,福島県,富岡町,0.84,99.5,2.3,-,98.0
075442,福島県,川内村,0.29,85.8,8.4,-,94.9
075451,福島県,大熊町,1.56,67.8,▲ 2.4,-,94.4
075469,福島県,双葉町,0.71,75.3,5.6,-,89.5
075477,福島県,浪江町,0.38,90.2,5.5,-,92.1
075485,福島県,葛尾村,0.20,85.5,5.0,-,88.4
075612,福島県,新地町,0.87,97.0,9.7,-,94.0
075647,福島県,飯舘村,0.30,75.0,6.1,-,100.5
082015,茨城県,水戸市,0.86,95.4,9.4,129.4,100.1
082023,茨城県,日立市,0.84,94.7,▲ 0.6,-,98.9
082031,茨城県,土浦市,0.88,90.4,4.1,31.0,94.7
082040,茨城県,古河市,0.76,90.3,7.4,58.1,95.9
082058,茨城県,石岡市,0.62,91.9,7.8,33.3,96.6
082074,茨城県,結城市,0.74,92.2,7.2,54.6,97.5
082082,茨城県,龍ケ崎市,0.77,93.2,5.6,-,97.5
082104,茨城県,下妻市,0.69,92.0,7.7,66.4,96.4
082112,茨城県,常総市,0.74,90.5,10.1,74.3,98.4
082121,茨城県,常陸太田市,0.41,92.9,2.0,-,97.4
082147,茨城県,高萩市,0.61,94.8,8.9,45.5,98.3
082155,茨城県,北茨城市,0.70,96.6,10.6,111.9,97.5
082163,茨城県,笠間市,0.61,90.7,7.3,-,96.2
082171,茨城県,取手市,0.67,96.5,6.5,30.0,97.8
082198,茨城県,牛久市,0.87,93.3,2.5,-,94.3
082201,茨城県,つくば市,1.06,92.3,5.1,49.3,97.8
082210,茨城県,ひたちなか市,0.97,96.9,9.7,94.4,98.7
082228,茨城県,鹿嶋市,0.99,88.8,6.4,56.2,98.8
082236,茨城県,潮来市,0.50,86.2,9.7,66.2,98.1
082244,茨城県,守谷市,1.00,91.2,4.0,-,96.9
082252,茨城県,常陸大宮市,0.43,91.4,8.9,24.9,98.6
082261,茨城県,那珂市,0.65,90.4,3.8,0.9,99.2
082279,茨城県,筑西市,0.69,91.8,8.4,64.5,98.5
082287,茨城県,坂東市,0.66,89.9,6.8,92.5,98.6
082295,茨城県,稲敷市,0.50,89.4,8.9,15.9,97.4
082309,茨城県,かすみがうら市,0.61,89.2,9.3,45.6,97.4
082317,茨城県,桜川市,0.49,86.8,7.7,62.7,95.5
082325,茨城県,神栖市,1.41,86.9,5.5,20.4,97.7
082333,茨城県,行方市,0.44,89.6,7.9,68.3,97.8
082341,茨城県,鉾田市,0.47,91.0,8.7,-,98.6
082350,茨城県,つくばみらい市,0.81,90.3,7.1,38.4,97.8
082368,茨城県,小美玉市,0.62,86.2,7.3,60.5,98.6
083020,茨城県,茨城町,0.59,83.4,7.2,51.9,97.4
083097,茨城県,大洗町,0.71,94.7,6.5,96.6,96.9
083101,茨城県,城里町,0.38,88.8,9.5,59.5,97.3
083411,茨城県,東海村,1.38,93.0,4.1,-,101.2
083640,茨城県,大子町,0.33,89.8,3.4,20.9,99.0
084425,茨城県,美浦村,0.69,90.7,6.1,92.2,99.1
084433,茨城県,阿見町,0.93,89.4,3.9,-,98.1
084476,茨城県,河内町,0.37,81.2,6.0,-,94.3
085219,茨城県,八千代町,0.65,88.5,7.0,61.2,99.6
085421,茨城県,五霞町,0.86,93.7,9.5,49.7,97.3
085464,茨城県,境町,0.70,91.3,14.6,88.8,96.3
085642,茨城県,利根町,0.43,88.5,1.8,-,97.2
092011,栃木県,宇都宮市,0.99,91.8,4.4,9.9,101.9
092029,栃木県,足利市,0.77,92.7,6.6,-,99.4
092037,栃木県,栃木市,0.74,93.3,8.9,45.0,99.4
092045,栃木県,佐野市,0.74,89.5,2.0,-,98.4
092053,栃木県,鹿沼市,0.72,88.7,2.3,-,99.3
092061,栃木県,日光市,0.59,98.0,7.3,65.9,97.9
092088,栃木県,小山市,0.98,90.4,5.7,81.2,99.0
092096,栃木県,真岡市,0.85,88.7,4.6,-,100.4
092100,栃木県,大田原市,0.65,96.4,6.4,64.9,99.3
092118,栃木県,矢板市,0.68,89.4,9.1,52.0,99.4
092134,栃木県,那須塩原市,0.82,94.0,3.6,-,99.7
092142,栃木県,さくら市,0.75,93.9,7.4,-,97.6
092151,栃木県,那須烏山市,0.46,88.2,6.4,-,98.4
092169,栃木県,下野市,0.74,85.1,1.6,-,98.8
093017,栃木県,上三川町,1.08,88.9,5.2,-,97.7
093424,栃木県,益子町,0.57,87.6,6.5,38.9,96.5
093432,栃木県,茂木町,0.40,90.9,8.7,20.1,96.9
093441,栃木県,市貝町,0.81,88.1,5.6,11.1,99.1
093459,栃木県,芳賀町,1.05,78.0,1.8,-,100.9
093611,栃木県,壬生町,0.82,87.8,5.8,-,98.9
093645,栃木県,野木町,0.84,92.4,7.2,33.7,97.0
093840,栃木県,塩谷町,0.47,80.8,3.9,-,97.0
093866,栃木県,高根沢町,0.79,79.6,1.1,-,97.6
094072,栃木県,那須町,0.76,90.5,6.9,41.3,96.7
094111,栃木県,那珂川町,0.42,85.5,8.1,-,95.8
102016,群馬県,前橋市,0.82,97.1,7.9,66.0,99.3
102024,群馬県,高崎市,0.85,95.5,4.9,40.2,99.8
102032,群馬県,桐生市,0.58,95.7,4.5,-,99.7
102041,群馬県,伊勢崎市,0.86,95.5,5.1,33.0,98.8
102059,群馬県,太田市,0.99,92.8,5.4,45.1,100.0
102067,群馬県,沼田市,0.52,97.6,7.6,79.8,98.7
102075,群馬県,館林市,0.86,96.9,5.2,94.6,95.5
102083,群馬県,渋川市,0.59,95.4,5.1,28.4,99.3
102091,群馬県,藤岡市,0.67,93.3,8.5,5.1,100.1
102105,群馬県,富岡市,0.65,91.1,7.8,-,99.5
102113,群馬県,安中市,0.79,91.8,8.4,-,97.9
102121,群馬県,みどり市,0.64,96.8,3.7,-,95.6
103446,群馬県,榛東村,0.56,92.8,9.3,-,96.1
103454,群馬県,吉岡町,0.71,89.4,7.9,-,98.2
103667,群馬県,上野村,0.96,74.3,7.6,-,89.3
103675,群馬県,神流町,0.13,99.0,6.2,-,91.9
103829,群馬県,下仁田町,0.28,89.8,8.6,26.2,97.9
103837,群馬県,南牧村,0.15,84.5,2.0,-,94.1
103845,群馬県,甘楽町,0.49,85.5,7.1,21.4,96.6
104213,群馬県,中之条町,0.38,89.1,10.0,-,97.3
104248,群馬県,長野原町,0.44,91.4,10.1,-,99.7
104256,群馬県,嬬恋村,0.45,88.6,9.3,-,98.4
104264,群馬県,草津町,0.69,93.6,4.4,-,95.1
104281,群馬県,高山村,0.36,87.3,6.0,-,96.9
104299,群馬県,東吾妻町,0.40,89.0,11.4,44.4,98.9
104434,群馬県,片品村,0.25,82.9,4.7,-,95.6
104442,群馬県,川場村,0.25,77.3,9.2,14.5,96.4
104485,群馬県,昭和村,0.47,83.5,5.8,-,97.0
104493,群馬県,みなかみ町,0.42,95.1,11.5,-,97.9
104647,群馬県,玉村町,0.77,90.9,4.3,-,98.4
105210,群馬県,板倉町,0.64,90.8,5.5,-,96.2
105228,群馬県,明和町,0.83,99.5,7.6,57.9,99.5
105236,群馬県,千代田町,0.80,93.2,5.3,-,96.9
105244,群馬県,大泉町,1.06,100.0,3.9,-,98.2
105252,群馬県,邑楽町,0.78,94.3,6.5,-,98.2
111007,埼玉県,さいたま市,0.98,97.3,5.8,28.2,102.1
112011,埼玉県,川越市,0.97,96.9,5.8,69.7,102.0
112020,埼玉県,熊谷市,0.89,88.9,0.0,-,102.0
112038,埼玉県,川口市,0.96,97.1,5.0,11.4,102.1
112062,埼玉県,行田市,0.71,93.8,3.7,9.2,99.1
112071,埼玉県,秩父市,0.58,87.8,4.4,19.9,99.9
112089,埼玉県,所沢市,0.97,95.0,3.1,6.9,101.4
112097,埼玉県,飯能市,0.77,92.9,3.6,34.4,98.5
112101,埼玉県,加須市,0.75,91.8,4.4,-,98.8
112119,埼玉県,本庄市,0.76,94.1,3.7,-,99.5
112127,埼玉県,東松山市,0.88,94.1,2.8,24.2,98.9
112143,埼玉県,春日部市,0.76,93.8,3.1,11.2,99.4
112151,埼玉県,狭山市,0.91,93.4,4.9,-,100.9
112160,埼玉県,羽生市,0.81,91.7,9.4,73.1,98.1
112178,埼玉県,鴻巣市,0.71,93.6,4.3,8.9,100.8
112186,埼玉県,深谷市,0.77,85.6,▲ 1.5,-,100.3
112194,埼玉県,上尾市,0.91,95.2,5.0,10.9,101.6
112216,埼玉県,草加市,0.93,97.4,3.9,12.6,100.3
112224,埼玉県,越谷市,0.93,89.9,7.6,20.0,102.9
112232,埼玉県,蕨市,0.88,85.1,2.3,-,101.6
112241,埼玉県,戸田市,1.25,91.2,7.1,32.0,100.9
112259,埼玉県,入間市,0.93,97.0,2.3,10.2,102.4
112275,埼玉県,朝霞市,0.99,96.4,4.7,23.1,101.6
112283,埼玉県,志木市,0.86,93.8,1.0,-,99.3
112291,埼玉県,和光市,1.07,90.4,3.2,28.7,99.5
112305,埼玉県,新座市,0.92,96.1,5.4,50.9,100.7
112313,埼玉県,桶川市,0.81,93.8,5.5,43.0,100.7
112321,埼玉県,久喜市,0.86,89.5,5.7,5.5,97.3
112330,埼玉県,北本市,0.80,91.2,7.4,18.9,100.6
112348,埼玉県,八潮市,1.03,86.9,5.0,26.8,101.2
112356,埼玉県,富士見市,0.84,91.1,2.3,-,99.0
112372,埼玉県,三郷市,0.96,93.2,8.7,72.0,98.5
112381,埼玉県,蓮田市,0.77,88.8,5.2,9.6,98.2
112399,埼玉県,坂戸市,0.83,92.2,6.1,24.6,100.6
112402,埼玉県,幸手市,0.74,92.3,3.0,33.4,99.4
112411,埼玉県,鶴ケ島市,0.87,93.3,6.8,-,98.5
112429,埼玉県,日高市,0.88,94.1,2.9,-,99.3
112437,埼玉県,吉川市,0.86,96.0,7.5,24.7,100.1
112453,埼玉県,ふじみ野市,0.81,95.8,2.0,-,97.8
112461,埼玉県,白岡市,0.86,90.5,6.5,-,97.7
113018,埼玉県,伊奈町,0.87,91.1,6.6,13.9,99.5
113247,埼玉県,三芳町,1.09,91.4,10.9,100.2,98.9
113263,埼玉県,毛呂山町,0.63,95.5,8.4,39.4,97.3
113271,埼玉県,越生町,0.53,92.8,4.1,20.4,95.9
113417,埼玉県,滑川町,0.91,86.2,10.4,38.3,99.4
113425,埼玉県,嵐山町,0.79,86.9,9.2,65.1,97.4
113433,埼玉県,小川町,0.67,89.2,6.9,40.6,101.2
113468,埼玉県,川島町,0.79,81.9,4.6,29.6,99.3
113476,埼玉県,吉見町,0.70,88.5,5.9,8.3,99.1
113484,埼玉県,鳩山町,0.59,90.7,10.6,119.2,95.9
113492,埼玉県,ときがわ町,0.43,87.5,4.4,25.6,99.7
113611,埼玉県,横瀬町,0.54,84.2,7.1,27.3,95.4
113620,埼玉県,皆野町,0.43,85.1,7.1,-,92.8
113638,埼玉県,長瀞町,0.41,84.3,12.7,62.5,92.6
113654,埼玉県,小鹿野町,0.33,85.6,8.3,43.5,93.4
113697,埼玉県,東秩父村,0.21,86.5,1.7,-,96.0
113816,埼玉県,美里町,0.67,80.6,6.8,23.1,97.6
113832,埼玉県,神川町,0.51,87.9,6.8,-,99.6
113859,埼玉県,上里町,0.80,90.1,8.6,-,96.5
114081,埼玉県,寄居町,0.83,79.2,3.9,31.5,98.8
114421,埼玉県,宮代町,0.63,91.9,6.3,6.5,94.3
114642,埼玉県,杉戸町,0.76,88.3,7.9,-,95.8
114651,埼玉県,松伏町,0.64,84.6,6.3,17.3,97.4
121002,千葉県,千葉市,0.93,97.8,11.8,128.8,101.1
122025,千葉県,銚子市,0.62,92.7,12.2,115.3,99.1
122033,千葉県,市川市,1.09,90.8,1.7,-,102.2
122041,千葉県,船橋市,0.96,94.7,1.9,24.3,100.2
122050,千葉県,館山市,0.57,95.0,5.7,29.9,99.2
122068,千葉県,木更津市,0.88,93.2,3.5,11.5,102.3
122076,千葉県,松戸市,0.90,93.7,1.0,2.4,101.1
122084,千葉県,野田市,0.86,93.2,4.6,20.0,98.7
122106,千葉県,茂原市,0.83,99.8,10.2,107.4,101.6
122114,千葉県,成田市,1.33,88.5,7.9,86.7,100.9
122122,千葉県,佐倉市,0.93,94.8,1.4,-,100.6
122131,千葉県,東金市,0.71,88.9,2.8,63.3,101.9
122157,千葉県,旭市,0.50,91.6,8.1,-,98.2
122165,千葉県,習志野市,0.95,97.7,8.0,35.3,102.0
122173,千葉県,柏市,0.96,90.9,2.5,-,102.3
122181,千葉県,勝浦市,0.48,93.9,7.3,69.5,100.5
122190,千葉県,市原市,1.07,91.5,5.8,25.0,101.2
122203,千葉県,流山市,0.95,88.0,1.0,30.4,102.9
122211,千葉県,八千代市,0.95,95.6,6.2,15.3,101.7
122220,千葉県,我孫子市,0.81,93.3,1.3,-,99.5
122238,千葉県,鴨川市,0.53,98.5,10.3,98.5,100.6
122246,千葉県,鎌ケ谷市,0.78,97.3,4.3,32.1,100.7
122254,千葉県,君津市,1.04,89.2,3.5,25.8,99.8
122262,千葉県,富津市,0.93,86.9,8.4,54.3,101.7
122271,千葉県,浦安市,1.52,89.6,7.8,38.5,101.3
122289,千葉県,四街道市,0.82,93.1,2.4,-,99.1
122297,千葉県,袖ケ浦市,1.13,89.9,1.7,7.3,100.5
122301,千葉県,八街市,0.67,95.6,6.3,29.3,99.3
122319,千葉県,印西市,1.07,86.8,0.1,-,100.0
122327,千葉県,白井市,0.89,91.0,3.5,57.2,100.8
122335,千葉県,富里市,0.80,93.2,7.7,24.5,98.8
122343,千葉県,南房総市,0.32,90.4,8.1,-,99.8
122351,千葉県,匝瑳市,0.49,94.5,5.8,24.4,100.4
122360,千葉県,香取市,0.54,88.6,8.4,37.5,100.2
122378,千葉県,山武市,0.50,92.6,7.9,-,101.9
122386,千葉県,いすみ市,0.42,88.7,7.3,33.8,100.0
122394,千葉県,大網白里市,0.63,99.6,8.6,79.0,99.2
123226,千葉県,酒々井町,0.80,92.9,5.3,19.0,98.3
123293,千葉県,栄町,0.58,94.2,5.8,14.9,98.1
123421,千葉県,神崎町,0.44,85.8,4.7,-,100.0
123471,千葉県,多古町,0.61,90.1,5.1,-,99.5
123498,千葉県,東庄町,0.47,85.3,6.8,-,98.1
124036,千葉県,九十九里町,0.46,83.7,7.4,57.2,101.0
124095,千葉県,芝山町,0.99,90.9,6.5,-,103.9
124109,千葉県,横芝光町,0.47,88.7,6.1,7.1,100.0
124214,千葉県,一宮町,0.56,88.3,5.7,23.3,99.3
124222,千葉県,睦沢町,0.41,86.0,5.5,43.4,98.9
124231,千葉県,長生村,0.54,84.3,9.1,44.8,100.3
124249,千葉県,白子町,0.48,84.3,4.3,16.4,99.1
124265,千葉県,長柄町,0.58,90.6,5.7,16.8,99.8
124273,千葉県,長南町,0.44,82.0,6.4,10.2,99.4
124419,千葉県,大多喜町,0.44,89.1,4.6,6.9,97.6
124435,千葉県,御宿町,0.43,92.7,4.3,32.2,96.1
124630,千葉県,鋸南町,0.30,86.1,11.2,38.9,99.5
131016,東京都,千代田区,0.89,80.8,▲ 0.2,-,99.9
131024,東京都,中央区,0.67,75.1,▲ 0.2,-,101.0
131032,東京都,港区,1.26,74.6,▲ 1.6,-,99.2
131041,東京都,新宿区,0.67,84.0,▲ 3.5,-,98.3
131059,東京都,文京区,0.65,82.9,▲ 4.5,-,99.3
131067,東京都,台東区,0.48,89.1,▲ 2.7,-,98.4
131075,東京都,墨田区,0.41,82.9,▲ 1.2,-,98.8
131083,東京都,江東区,0.50,79.1,▲ 3.7,-,98.7
131091,東京都,品川区,0.55,77.8,▲ 4.5,-,99.2
131105,東京都,目黒区,0.75,81.1,▲ 4.0,-,99.2
131113,東京都,大田区,0.54,85.3,▲ 3.7,-,100.6
131121,東京都,世田谷区,0.71,81.7,▲ 3.8,-,99.9
131130,東京都,渋谷区,0.96,74.9,▲ 3.8,-,98.1
131148,東京都,中野区,0.51,77.1,▲ 3.5,-,99.9
131156,東京都,杉並区,0.62,86.4,▲ 5.6,-,99.0
131164,東京都,豊島区,0.54,85.9,▲ 1.7,-,98.6
131172,東京都,北区,0.39,87.0,▲ 3.0,-,98.4
131181,東京都,荒川区,0.34,84.5,▲ 0.3,-,98.1
131199,東京都,板橋区,0.44,82.4,▲ 4.6,-,98.3
131202,東京都,練馬区,0.47,85.9,▲ 3.1,-,99.5
131211,東京都,足立区,0.36,83.2,▲ 3.6,-,100.1
131229,東京都,葛飾区,0.35,81.1,▲ 1.6,-,98.4
131237,東京都,江戸川区,0.40,77.9,▲ 5.7,-,98.0
132012,東京都,八王子市,0.94,85.7,▲ 0.9,-,97.9
132021,東京都,立川市,1.17,87.8,1.8,-,98.7
132039,東京都,武蔵野市,1.52,84.2,▲ 0.7,-,101.0
132047,東京都,三鷹市,1.16,89.4,1.0,4.0,100.2
132055,東京都,青梅市,0.85,99.1,2.6,-,100.2
132063,東京都,府中市,1.22,85.1,3.0,-,98.7
132071,東京都,昭島市,0.98,92.4,0.5,-,100.2
132080,東京都,調布市,1.19,91.3,0.4,11.6,100.0
132098,東京都,町田市,0.97,91.9,0.5,-,99.6
132101,東京都,小金井市,1.02,94.8,1.8,13.8,99.3
132110,東京都,小平市,0.97,91.0,2.0,-,99.7
132128,東京都,日野市,0.96,96.2,▲ 2.3,19.9,98.3
132136,東京都,東村山市,0.80,93.1,2.3,-,101.0
132144,東京都,国分寺市,1.04,93.4,▲ 1.6,-,99.3
132152,東京都,国立市,1.00,98.3,0.0,-,100.7
132187,東京都,福生市,0.76,90.2,▲ 3.1,-,100.8
132195,東京都,狛江市,0.88,89.7,1.7,6.3,99.5
132209,東京都,東大和市,0.84,92.1,▲ 2.2,-,100.8
132217,東京都,清瀬市,0.68,91.6,3.7,41.9,101.1
132225,東京都,東久留米市,0.84,92.9,0.1,-,100.3
132233,東京都,武蔵村山市,0.82,92.4,0.3,-,98.2
132241,東京都,多摩市,1.13,87.3,2.0,-,100.0
132250,東京都,稲城市,0.96,88.3,3.0,34.6,100.4
132276,東京都,羽村市,0.98,100.2,1.0,9.6,100.5
132284,東京都,あきる野市,0.72,97.5,7.1,41.1,99.6
132292,東京都,西東京市,0.90,94.0,2.1,19.5,98.9
133035,東京都,瑞穂町,1.01,91.0,0.6,6.0,100.4
133051,東京都,日の出町,0.69,105.5,4.4,-,96.9
133078,東京都,檜原村,0.17,73.5,4.2,-,99.3
133086,東京都,奥多摩町,0.29,72.7,7.1,-,97.2
133612,東京都,大島町,0.32,89.4,11.8,121.7,89.9
133621,東京都,利島村,0.14,62.5,4.9,-,92.6
133639,東京都,新島村,0.21,84.4,6.0,-,88.9
133647,東京都,神津島村,0.22,76.4,2.7,-,93.1
133817,東京都,三宅村,0.23,85.2,5.6,-,90.3
133825,東京都,御蔵島村,0.13,89.3,4.8,-,75.1
134015,東京都,八丈町,0.30,84.6,12.2,-,88.7
134023,東京都,青ヶ島村,0.17,98.7,▲ 0.7,-,82.3
134210,東京都,小笠原村,0.27,73.7,5.4,-,93.2
141003,神奈川県,横浜市,0.97,100.5,10.5,137.4,100.1
141305,神奈川県,川崎市,1.03,97.5,8.2,122.0,101.0
141500,神奈川県,相模原市,0.88,98.2,2.6,23.9,99.3
142018,神奈川県,横須賀市,0.81,101.8,6.4,31.8,100.6
142034,神奈川県,平塚市,0.98,95.5,2.5,20.4,97.0
142042,神奈川県,鎌倉市,1.09,99.8,1.1,-,99.7
142051,神奈川県,藤沢市,1.08,95.5,3.2,41.9,101.4
142069,神奈川県,小田原市,0.96,92.9,1.8,22.7,99.9
142077,神奈川県,茅ヶ崎市,0.96,96.8,1.2,48.2,99.5
142085,神奈川県,逗子市,0.86,93.2,6.0,30.6,99.6
142107,神奈川県,三浦市,0.61,103.6,13.5,118.6,96.7
142115,神奈川県,秦野市,0.88,95.7,1.1,17.5,101.3
142123,神奈川県,厚木市,1.26,83.5,2.5,39.7,100.5
142131,神奈川県,大和市,0.97,98.0,1.8,39.2,95.5
142140,神奈川県,伊勢原市,0.98,98.4,7.3,59.3,100.8
142158,神奈川県,海老名市,1.06,91.4,2.8,32.7,101.5
142166,神奈川県,座間市,0.91,97.7,0.0,24.1,102.4
142174,神奈川県,南足柄市,0.89,100.0,4.1,16.9,102.5
142182,神奈川県,綾瀬市,0.93,98.4,5.7,28.9,100.9
143014,神奈川県,葉山町,0.89,90.7,▲ 2.1,-,101.6
143219,神奈川県,寒川町,1.09,94.1,3.0,-,100.3
143413,神奈川県,大磯町,0.86,87.6,5.2,44.4,99.3
143421,神奈川県,二宮町,0.73,93.5,5.3,21.2,97.5
143618,神奈川県,中井町,1.00,88.9,1.3,-,96.3
143626,神奈川県,大井町,0.82,87.5,▲ 3.1,-,96.8
143634,神奈川県,松田町,0.65,86.7,5.5,49.2,98.0
143642,神奈川県,山北町,0.57,87.9,7.9,36.2,102.0
143669,神奈川県,開成町,0.94,91.7,6.0,57.1,99.4
143821,神奈川県,箱根町,1.44,100.8,10.4,88.1,100.2
143839,神奈川県,真鶴町,0.45,99.5,11.9,140.1,91.9
143847,神奈川県,湯河原町,0.71,100.6,3.8,79.1,99.3
144011,神奈川県,愛川町,1.02,92.9,▲ 1.8,-,101.1
144029,神奈川県,清川村,0.94,85.8,▲ 2.3,-,93.6
151009,新潟県,新潟市,0.69,94.7,10.9,134.7,99.0
152021,新潟県,長岡市,0.62,91.5,5.6,74.5,96.8
152048,新潟県,三条市,0.58,95.2,15.8,131.8,94.3
152056,新潟県,柏崎市,0.69,93.5,10.0,27.9,98.3
152064,新潟県,新発田市,0.49,90.1,7.0,59.0,96.3
152081,新潟県,小千谷市,0.56,83.3,9.7,55.0,94.4
152099,新潟県,加茂市,0.43,95.5,9.3,114.6,93.4
152102,新潟県,十日町市,0.34,97.5,11.9,103.1,96.6
152111,新潟県,見附市,0.59,97.5,9.0,104.0,95.7
152129,新潟県,村上市,0.34,87.4,12.7,102.4,93.8
152137,新潟県,燕市,0.63,93.0,12.7,109.2,95.6
152161,新潟県,糸魚川市,0.47,92.9,11.6,83.6,94.4
152170,新潟県,妙高市,0.43,79.8,7.1,-,93.2
152188,新潟県,五泉市,0.43,86.0,9.4,79.2,94.7
152226,新潟県,上越市,0.62,92.2,11.3,80.5,98.9
152234,新潟県,阿賀野市,0.42,89.7,8.3,124.1,95.6
152242,新潟県,佐渡市,0.23,94.6,12.6,134.9,92.1
152251,新潟県,魚沼市,0.29,88.0,7.9,24.6,93.5
152269,新潟県,南魚沼市,0.41,87.8,12.9,71.0,93.3
152277,新潟県,胎内市,0.48,97.4,12.3,156.3,92.3
153079,新潟県,聖籠町,1.09,88.5,9.4,24.0,96.3
153427,新潟県,弥彦村,0.41,78.9,14.0,55.8,93.9
153613,新潟県,田上町,0.40,86.6,9.2,60.7,93.0
153851,新潟県,阿賀町,0.20,92.6,12.1,99.2,91.4
154059,新潟県,出雲崎町,0.25,87.7,9.3,-,93.8
154610,新潟県,湯沢町,0.98,90.6,6.8,35.7,92.8
154822,新潟県,津南町,0.27,81.7,10.6,53.3,93.8
155047,新潟県,刈羽村,1.36,70.1,▲ 2.6,-,96.7
155811,新潟県,関川村,0.24,88.5,10.5,33.5,92.7
155861,新潟県,粟島浦村,0.11,72.7,6.9,-,83.4
162019,富山県,富山市,0.83,89.3,7.7,124.8,100.8
162027,富山県,高岡市,0.76,85.9,12.1,145.7,97.8
162043,富山県,魚津市,0.69,89.6,11.8,104.5,97.2
162051,富山県,氷見市,0.48,88.0,11.3,63.8,97.7
162060,富山県,滑川市,0.76,82.6,6.2,-,99.0
162078,富山県,黒部市,0.67,87.7,11.6,104.5,99.2
162086,富山県,砺波市,0.59,89.0,12.9,45.7,97.9
162094,富山県,小矢部市,0.60,88.3,14.9,196.7,93.8
162108,富山県,南砺市,0.35,89.4,4.8,-,96.4
162116,富山県,射水市,0.66,84.5,8.8,88.8,97.0
163210,富山県,舟橋村,0.37,92.0,11.1,104.8,89.2
163228,富山県,上市町,0.47,89.2,15.3,93.0,94.4
163236,富山県,立山町,0.48,85.7,11.7,99.7,98.2
163422,富山県,入善町,0.55,83.7,13.9,29.6,94.7
163431,富山県,朝日町,0.37,90.4,11.5,-,93.8
172014,石川県,金沢市,0.89,90.1,4.8,51.0,99.4
172022,石川県,七尾市,0.44,93.3,13.0,87.0,94.5
172031,石川県,小松市,0.71,93.1,12.9,137.6,97.1
172049,石川県,輪島市,0.23,94.8,10.8,84.7,97.7
172057,石川県,珠洲市,0.23,95.5,13.7,47.5,96.0
172065,石川県,加賀市,0.58,94.3,8.7,92.7,98.3
172073,石川県,羽咋市,0.43,92.9,8.4,-,93.7
172090,石川県,かほく市,0.43,92.4,11.4,52.0,93.1
172103,石川県,白山市,0.69,94.7,10.5,116.7,97.2
172111,石川県,能美市,0.68,90.4,5.6,0.5,96.8
172120,石川県,野々市市,0.85,96.0,7.1,21.0,98.6
173240,石川県,川北町,0.63,85.1,9.5,-,90.6
173614,石川県,津幡町,0.56,89.6,8.4,75.6,94.3
173657,石川県,内灘町,0.53,89.6,8.2,85.1,94.7
173843,石川県,志賀町,0.59,95.4,8.3,-,94.2
173860,石川県,宝達志水町,0.38,87.6,5.2,27.1,91.8
174076,石川県,中能登町,0.30,92.9,11.3,39.7,91.0
174611,石川県,穴水町,0.26,88.0,9.5,58.1,90.2
174637,石川県,能登町,0.21,88.1,6.9,77.1,95.0
182010,福井県,福井市,0.83,92.8,10.4,67.3,100.2
182028,福井県,敦賀市,0.92,94.6,6.1,-,97.9
182044,福井県,小浜市,0.43,95.2,12.0,104.3,97.1
182052,福井県,大野市,0.42,97.9,8.6,40.4,97.2
182061,福井県,勝山市,0.44,92.5,8.5,79.8,95.1
182079,福井県,鯖江市,0.69,89.2,6.5,-,98.5
182087,福井県,あわら市,0.60,89.1,6.9,47.6,97.4
182095,福井県,越前市,0.75,91.2,11.1,132.3,99.4
182109,福井県,坂井市,0.65,91.1,6.5,65.6,98.7
183229,福井県,永平寺町,0.39,97.1,7.7,1.4,92.0
183822,福井県,池田町,0.14,79.9,5.9,-,90.3
184047,福井県,南越前町,0.29,88.5,5.6,-,92.7
184233,福井県,越前町,0.34,97.6,9.4,25.9,92.6
184420,福井県,美浜町,0.74,93.2,8.8,92.0,93.3
184811,福井県,高浜町,1.03,89.7,8.1,-,92.1
184837,福井県,おおい町,1.00,92.3,1.1,-,92.6
185019,福井県,若狭町,0.33,87.6,15.3,81.9,91.5
192015,山梨県,甲府市,0.76,95.8,7.0,58.2,99.1
192023,山梨県,富士吉田市,0.71,82.1,8.0,22.7,98.8
192040,山梨県,都留市,0.49,89.5,10.9,4.2,98.5
192058,山梨県,山梨市,0.42,96.6,11.4,87.2,97.0
192066,山梨県,大月市,0.66,85.3,15.3,104.0,96.2
192074,山梨県,韮崎市,0.76,88.2,8.8,82.5,99.4
192082,山梨県,南アルプス市,0.51,87.1,3.7,-,99.0
192091,山梨県,北杜市,0.43,87.4,5.4,-,99.1
192104,山梨県,甲斐市,0.63,89.9,6.8,-,97.6
192112,山梨県,笛吹市,0.52,94.2,9.1,24.9,97.7
192121,山梨県,上野原市,0.50,91.5,10.7,55.8,97.8
192139,山梨県,甲州市,0.44,92.7,16.4,114.3,95.4
192147,山梨県,中央市,0.68,87.7,8.2,23.6,96.6
193461,山梨県,市川三郷町,0.33,97.3,10.5,133.8,96.2
193640,山梨県,早川町,0.21,77.5,2.2,-,97.5
193658,山梨県,身延町,0.28,77.0,▲ 2.4,-,95.4
193666,山梨県,南部町,0.28,80.9,2.2,-,96.6
193682,山梨県,富士川町,0.36,88.3,12.3,55.3,97.5
193844,山梨県,昭和町,1.19,87.1,8.3,-,94.1
194221,山梨県,道志村,0.18,92.3,9.4,-,95.8
194239,山梨県,西桂町,0.30,75.3,5.6,-,94.8
194247,山梨県,忍野村,1.31,72.3,▲ 2.5,-,92.1
194255,山梨県,山中湖村,1.38,81.4,1.9,-,94.3
194298,山梨県,鳴沢村,0.62,78.4,▲ 2.2,-,96.4
194301,山梨県,富士河口湖町,0.65,81.9,9.7,62.2,96.7
194425,山梨県,小菅村,0.11,80.1,8.3,-,93.1
194433,山梨県,丹波山村,0.07,90.1,7.0,-,93.3
202011,長野県,長野市,0.74,90.6,3.6,42.8,100.2
202029,長野県,松本市,0.74,87.4,3.7,-,99.2
202037,長野県,上田市,0.60,89.8,5.3,36.4,99.3
202045,長野県,岡谷市,0.65,91.0,9.2,68.3,96.9
202053,長野県,飯田市,0.55,91.5,8.0,32.1,96.9
202061,長野県,諏訪市,0.74,90.3,5.2,82.1,97.4
202070,長野県,須坂市,0.58,90.2,9.3,19.1,99.3
202088,長野県,小諸市,0.58,89.0,7.1,23.0,98.3
202096,長野県,伊那市,0.49,90.9,7.8,-,97.2
202100,長野県,駒ケ根市,0.60,89.4,12.2,143.3,98.1
202118,長野県,中野市,0.54,91.7,7.1,-,97.0
202126,長野県,大町市,0.45,94.1,7.7,48.6,96.9
202134,長野県,飯山市,0.36,91.9,12.0,-,96.5
202142,長野県,茅野市,0.59,90.4,6.8,48.2,96.1
202151,長野県,塩尻市,0.64,89.8,6.2,24.9,98.2
202177,長野県,佐久市,0.51,82.1,▲ 0.2,-,99.9
202185,長野県,千曲市,0.53,92.0,8.0,47.2,96.6
202193,長野県,東御市,0.50,92.8,7.6,63.6,98.2
202207,長野県,安曇野市,0.55,88.3,9.5,4.2,97.2
203033,長野県,小海町,0.27,81.1,6.2,-,95.6
203041,長野県,川上村,0.26,78.2,0.0,-,93.0
203050,長野県,南牧村,0.32,74.6,0.5,-,97.9
203068,長野県,南相木村,0.81,81.8,▲ 0.1,-,90.7
203076,長野県,北相木村,0.17,87.7,6.1,-,89.8
203092,長野県,佐久穂町,0.24,91.7,11.4,-,96.6
203211,長野県,軽井沢町,1.65,71.4,1.5,-,97.8
203238,長野県,御代田町,0.65,79.3,12.6,-,97.5
203246,長野県,立科町,0.36,89.7,7.8,-,98.5
203491,長野県,青木村,0.24,81.4,6.7,-,91.9
203505,長野県,長和町,0.23,87.3,11.6,74.8,97.8
203611,長野県,下諏訪町,0.59,82.5,5.8,66.9,95.5
203629,長野県,富士見町,0.55,84.5,4.0,-,97.2
203637,長野県,原村,0.40,85.2,6.4,-,94.9
203823,長野県,辰野町,0.50,81.4,8.2,13.7,95.4
203831,長野県,箕輪町,0.62,85.2,8.3,46.5,95.9
203840,長野県,飯島町,0.41,83.3,9.8,58.9,94.4
203858,長野県,南箕輪村,0.59,72.3,6.5,8.4,95.9
203866,長野県,中川村,0.23,75.2,1.5,-,95.7
203882,長野県,宮田村,0.51,77.5,10.8,-,95.9
204021,長野県,松川町,0.41,81.2,5.5,-,94.6
204030,長野県,高森町,0.42,83.9,7.9,43.9,97.6
204048,長野県,阿南町,0.19,76.8,3.7,-,92.3
204072,長野県,阿智村,0.24,80.9,▲ 0.1,-,95.5
204099,長野県,平谷村,0.17,78.2,0.4,-,93.9
204102,長野県,根羽村,0.11,76.9,7.3,-,91.7
204111,長野県,下條村,0.26,66.2,▲ 4.2,-,93.5
204129,長野県,売木村,0.12,87.1,11.7,-,92.2
204137,長野県,天龍村,0.16,74.7,▲ 0.4,-,89.5
204145,長野県,泰阜村,0.17,69.7,7.9,-,90.0
204153,長野県,喬木村,0.26,79.9,7.2,-,94.6
204161,長野県,豊丘村,0.30,75.9,8.9,-,98.3
204170,長野県,大鹿村,0.16,72.0,0.6,-,94.4
204226,長野県,上松町,0.25,88.2,5.3,78.3,95.7
204234,長野県,南木曽町,0.25,82.0,6.6,26.6,96.4
204251,長野県,木祖村,0.32,87.8,5.8,-,97.6
204293,長野県,王滝村,0.22,77.7,6.3,-,92.0
204307,長野県,大桑村,0.27,82.6,10.6,31.5,99.1
204323,長野県,木曽町,0.28,86.3,5.2,-,96.8
204463,長野県,麻績村,0.19,78.4,4.9,-,94.4
204480,長野県,生坂村,0.15,82.5,7.3,-,96.3
204501,長野県,山形村,0.45,81.2,7.2,-,93.3
204510,長野県,朝日村,0.30,81.8,4.9,-,93.2
204528,長野県,筑北村,0.16,79.8,4.8,-,95.5
204811,長野県,池田町,0.34,89.4,12.1,-,95.6
204820,長野県,松川村,0.38,78.7,5.5,-,96.8
204854,長野県,白馬村,0.45,77.0,12.2,63.8,95.9
204862,長野県,小谷村,0.24,83.6,11.2,-,93.0
205214,長野県,坂城町,0.71,88.4,9.0,-,96.1
205419,長野県,小布施町,0.43,84.8,6.0,-,94.9
205435,長野県,高山村,0.30,83.0,6.4,-,92.6
205613,長野県,山ノ内町,0.42,81.3,8.2,64.0,95.4
205621,長野県,木島平村,0.21,85.3,14.4,25.6,94.5
205630,長野県,野沢温泉村,0.20,84.2,11.4,34.0,90.3
205834,長野県,信濃町,0.35,90.7,10.5,24.5,96.5
205885,長野県,小川村,0.14,87.7,9.7,-,93.1
205907,長野県,飯綱町,0.27,84.6,9.4,5.3,94.5
206024,長野県,栄村,0.16,79.6,6.9,-,95.5
212016,岐阜県,岐阜市,0.87,95.3,4.1,-,100.9
212024,岐阜県,大垣市,0.88,90.0,1.3,32.5,100.5
212032,岐阜県,高山市,0.53,85.6,5.5,-,99.7
212041,岐阜県,多治見市,0.73,87.9,▲ 3.7,-,97.2
212059,岐阜県,関市,0.63,85.7,1.9,-,98.3
212067,岐阜県,中津川市,0.50,91.7,7.7,-,98.2
212075,岐阜県,美濃市,0.56,93.8,9.3,41.0,99.1
212083,岐阜県,瑞浪市,0.64,82.4,3.0,-,99.6
212091,岐阜県,羽島市,0.78,95.7,4.5,36.9,90.1
212105,岐阜県,恵那市,0.46,86.4,1.0,-,98.2
212113,岐阜県,美濃加茂市,0.82,90.5,5.2,-,97.4
212121,岐阜県,土岐市,0.69,93.0,5.6,-,97.3
212130,岐阜県,各務原市,0.90,96.1,2.0,-,100.5
212148,岐阜県,可児市,0.89,91.3,0.6,-,97.2
212156,岐阜県,山県市,0.40,91.7,10.5,18.3,96.7
212164,岐阜県,瑞穂市,0.79,83.5,0.2,-,97.1
212172,岐阜県,飛騨市,0.32,94.0,13.8,-,93.3
212181,岐阜県,本巣市,0.58,86.8,6.7,34.2,96.7
212199,岐阜県,郡上市,0.32,84.8,12.4,83.3,93.6
212202,岐阜県,下呂市,0.34,90.3,12.3,16.7,97.1
212211,岐阜県,海津市,0.49,88.7,9.2,49.2,92.5
213021,岐阜県,岐南町,0.95,90.4,4.5,8.1,97.3
213039,岐阜県,笠松町,0.72,89.5,6.0,67.5,96.7
213411,岐阜県,養老町,0.63,86.6,7.4,71.2,96.4
213616,岐阜県,垂井町,0.73,80.8,2.4,64.9,97.9
213624,岐阜県,関ケ原町,0.52,90.5,11.0,51.7,91.4
213811,岐阜県,神戸町,0.71,82.4,3.5,66.2,94.3
213829,岐阜県,輪之内町,0.63,80.6,5.9,14.4,94.1
213837,岐阜県,安八町,0.63,80.9,11.5,86.7,94.0
214019,岐阜県,揖斐川町,0.47,82.2,6.4,-,93.2
214035,岐阜県,大野町,0.63,86.4,3.1,2.5,94.0
214043,岐阜県,池田町,0.63,78.9,10.0,82.7,93.4
214213,岐阜県,北方町,0.62,86.1,11.1,14.7,95.7
215015,岐阜県,坂祝町,0.60,83.9,2.7,-,95.4
215023,岐阜県,富加町,0.49,92.0,10.3,-,98.0
215031,岐阜県,川辺町,0.47,78.7,9.2,-,93.1
215040,岐阜県,七宗町,0.29,75.7,6.9,-,95.4
215058,岐阜県,八百津町,0.42,84.6,5.6,-,96.7
215066,岐阜県,白川町,0.29,84.8,9.3,-,92.9
215074,岐阜県,東白川村,0.16,93.8,13.2,48.1,94.1
215210,岐阜県,御嵩町,0.65,88.3,6.3,-,96.7
216046,岐阜県,白川村,0.36,72.1,2.0,-,96.5
221007,静岡県,静岡市,0.89,94.6,6.5,48.8,102.5
221309,静岡県,浜松市,0.87,92.5,5.1,-,100.2
222038,静岡県,沼津市,0.96,88.6,5.0,30.7,103.1
222054,静岡県,熱海市,0.92,89.9,3.0,12.5,103.5
222062,静岡県,三島市,0.93,87.4,5.3,29.2,103.2
222071,静岡県,富士宮市,0.92,90.2,2.2,7.7,102.1
222089,静岡県,伊東市,0.73,90.4,5.9,16.0,101.3
222097,静岡県,島田市,0.74,92.6,6.8,-,100.4
222101,静岡県,富士市,1.01,89.8,3.2,63.3,102.2
222119,静岡県,磐田市,0.85,90.1,3.3,-,98.1
222127,静岡県,焼津市,0.89,92.2,6.5,13.2,100.6
222135,静岡県,掛川市,0.90,88.5,8.0,43.6,102.2
222143,静岡県,藤枝市,0.88,88.8,7.7,5.5,102.0
222151,静岡県,御殿場市,1.05,84.9,9.9,44.8,101.6
222160,静岡県,袋井市,0.89,91.6,6.7,49.8,102.4
222194,静岡県,下田市,0.49,85.8,6.4,57.5,99.1
222208,静岡県,裾野市,1.01,94.4,9.9,51.4,101.0
222216,静岡県,湖西市,1.05,85.8,5.0,13.7,102.4
222224,静岡県,伊豆市,0.50,89.9,6.9,40.6,96.5
222232,静岡県,御前崎市,0.99,85.5,0.0,-,97.6
222241,静岡県,菊川市,0.77,92.0,10.2,9.9,98.5
222259,静岡県,伊豆の国市,0.70,86.4,6.9,50.8,97.9
222267,静岡県,牧之原市,0.81,86.3,6.5,-,96.8
223018,静岡県,東伊豆町,0.62,84.3,4.9,56.3,93.2
223026,静岡県,河津町,0.44,88.6,5.9,34.8,93.8
223042,静岡県,南伊豆町,0.31,87.4,7.5,38.0,96.9
223051,静岡県,松崎町,0.30,83.1,4.1,-,96.6
223069,静岡県,西伊豆町,0.29,84.4,4.3,-,96.1
223255,静岡県,函南町,0.83,90.7,6.2,43.8,97.5
223417,静岡県,清水町,0.98,88.4,5.4,41.7,94.2
223425,静岡県,長泉町,1.34,78.7,2.6,-,97.9
223441,静岡県,小山町,0.90,90.2,8.0,-,99.8
224243,静岡県,吉田町,0.94,86.8,11.5,59.5,97.0
224294,静岡県,川根本町,0.36,89.0,1.9,-,94.6
224618,静岡県,森町,0.60,89.8,11.6,51.5,97.4
231002,愛知県,名古屋市,0.99,99.7,7.9,104.4,99.3
232017,愛知県,豊橋市,1.00,87.6,3.8,46.4,99.4
232025,愛知県,岡崎市,1.04,88.8,▲ 0.6,-,100.8
232033,愛知県,一宮市,0.83,91.0,3.5,37.1,100.7
232041,愛知県,瀬戸市,0.88,86.5,2.3,20.7,100.4
232050,愛知県,半田市,0.98,83.6,0.0,-,99.3
232068,愛知県,春日井市,0.98,95.3,4.8,23.7,101.5
232076,愛知県,豊川市,0.87,92.9,▲ 1.5,-,103.0
232084,愛知県,津島市,0.77,88.8,4.1,18.2,97.1
232092,愛知県,碧南市,1.21,91.6,1.9,-,97.4
232106,愛知県,刈谷市,1.33,81.2,▲ 2.7,-,99.6
232114,愛知県,豊田市,1.39,77.1,2.3,-,99.9
232122,愛知県,安城市,1.28,79.3,0.2,-,98.9
232131,愛知県,西尾市,0.98,86.8,1.6,-,100.0
232149,愛知県,蒲郡市,0.87,89.3,▲ 0.4,-,101.4
232157,愛知県,犬山市,0.91,96.1,4.9,12.0,100.5
232165,愛知県,常滑市,0.98,87.1,12.3,121.0,97.0
232173,愛知県,江南市,0.81,90.1,3.6,13.9,99.7
232190,愛知県,小牧市,1.25,88.7,0.0,-,101.3
232203,愛知県,稲沢市,0.89,88.4,2.8,3.7,100.3
232211,愛知県,新城市,0.57,92.0,6.6,62.6,97.9
232220,愛知県,東海市,1.29,82.7,▲ 0.1,10.4,101.7
232238,愛知県,大府市,1.14,81.9,▲ 1.5,-,96.7
232246,愛知県,知多市,0.97,91.5,0.6,21.6,94.2
232254,愛知県,知立市,1.00,91.3,2.3,-,99.5
232262,愛知県,尾張旭市,0.92,87.1,3.4,4.7,99.3
232271,愛知県,高浜市,1.02,89.5,▲ 0.1,18.6,98.5
232289,愛知県,岩倉市,0.82,89.0,4.3,26.3,100.2
232297,愛知県,豊明市,0.90,85.9,▲ 0.3,-,98.8
232301,愛知県,日進市,1.05,83.9,1.0,-,99.2
232319,愛知県,田原市,1.01,90.3,4.9,-,99.9
232327,愛知県,愛西市,0.63,90.7,4.1,-,97.8
232335,愛知県,清須市,0.88,93.8,1.5,8.9,98.5
232343,愛知県,北名古屋市,0.91,98.3,5.5,28.9,99.6
232351,愛知県,弥富市,0.98,90.2,5.4,94.8,98.8
232360,愛知県,みよし市,1.40,81.5,3.0,-,96.6
232378,愛知県,あま市,0.74,90.6,6.2,40.2,96.5
232386,愛知県,長久手市,1.09,91.0,▲ 1.7,-,99.1
233021,愛知県,東郷町,0.90,89.2,2.0,-,100.5
233421,愛知県,豊山町,1.18,79.4,0.0,-,98.2
233617,愛知県,大口町,1.19,81.1,0.8,-,98.2
233625,愛知県,扶桑町,0.85,90.6,0.9,-,96.1
234249,愛知県,大治町,0.85,86.1,1.2,15.6,95.2
234257,愛知県,蟹江町,0.90,86.5,3.4,63.0,92.7
234273,愛知県,飛島村,2.21,67.6,▲ 1.2,-,98.8
234419,愛知県,阿久比町,0.82,87.2,3.8,63.0,98.1
234427,愛知県,東浦町,0.95,84.8,0.0,-,99.7
234451,愛知県,南知多町,0.53,90.6,5.2,30.0,94.9
234460,愛知県,美浜町,0.70,87.2,1.7,-,98.5
234478,愛知県,武豊町,1.01,83.6,▲ 0.9,-,99.5
235016,愛知県,幸田町,1.17,88.5,1.7,-,99.9
235610,愛知県,設楽町,0.24,82.3,5.8,-,94.6
235628,愛知県,東栄町,0.19,76.2,9.1,-,88.3
235636,愛知県,豊根村,0.28,89.8,9.9,-,94.0
242012,三重県,津市,0.71,97.5,4.9,47.1,99.9
242021,三重県,四日市市,1.21,78.1,2.5,-,102.2
242039,三重県,伊勢市,0.60,95.1,4.1,-,99.2
242047,三重県,松阪市,0.58,80.3,4.0,-,98.4
242055,三重県,桑名市,0.84,90.0,8.2,57.8,100.5
242071,三重県,鈴鹿市,0.91,92.1,0.9,-,100.5
242080,三重県,名張市,0.70,100.1,16.0,179.7,98.5
242098,三重県,尾鷲市,0.37,98.8,11.7,38.0,96.9
242101,三重県,亀山市,0.90,85.5,2.0,-,100.1
242110,三重県,鳥羽市,0.44,87.9,9.3,52.5,96.1
242128,三重県,熊野市,0.26,89.0,4.3,-,100.2
242144,三重県,いなべ市,0.84,88.5,8.0,11.4,101.5
242152,三重県,志摩市,0.39,101.7,11.2,37.7,97.7
242161,三重県,伊賀市,0.64,97.1,10.5,68.7,97.7
243035,三重県,木曽岬町,0.59,99.6,4.3,-,97.4
243248,三重県,東員町,0.78,89.1,2.5,-,101.1
243418,三重県,菰野町,0.81,89.1,2.6,-,100.3
243434,三重県,朝日町,0.84,85.3,7.5,10.2,100.7
243442,三重県,川越町,1.33,68.9,1.9,-,100.6
244414,三重県,多気町,0.54,93.5,4.5,-,97.8
244422,三重県,明和町,0.56,85.7,9.6,111.9,95.9
244431,三重県,大台町,0.25,89.1,8.5,28.1,94.8
244619,三重県,玉城町,0.60,74.1,6.9,44.7,94.9
244708,三重県,度会町,0.36,69.0,3.7,-,94.2
244716,三重県,大紀町,0.19,85.8,11.8,10.0,92.5
244724,三重県,南伊勢町,0.21,92.8,10.2,69.5,92.9
245437,三重県,紀北町,0.28,91.6,6.5,20.5,97.4
245615,三重県,御浜町,0.29,95.2,8.0,-,99.4
245623,三重県,紀宝町,0.29,89.8,8.7,5.4,97.3
252018,滋賀県,大津市,0.82,91.5,1.7,-,100.1
252026,滋賀県,彦根市,0.82,97.3,6.6,46.7,98.5
252034,滋賀県,長浜市,0.54,91.2,1.5,-,97.5
252042,滋賀県,近江八幡市,0.69,91.5,1.5,-,98.9
252069,滋賀県,草津市,0.97,94.9,6.6,-,101.4
252077,滋賀県,守山市,0.87,92.6,4.5,0.2,102.9
252085,滋賀県,栗東市,0.99,92.6,13.3,110.3,98.4
252093,滋賀県,甲賀市,0.69,92.1,6.9,56.1,97.4
252107,滋賀県,野洲市,0.82,93.5,8.5,66.3,100.9
252115,滋賀県,湖南市,0.79,88.2,8.5,22.3,99.7
252123,滋賀県,高島市,0.38,94.2,9.5,15.0,97.6
252131,滋賀県,東近江市,0.62,88.7,8.8,-,100.8
252140,滋賀県,米原市,0.55,93.8,4.8,-,99.9
253839,滋賀県,日野町,0.73,93.3,6.5,55.7,98.0
253847,滋賀県,竜王町,1.15,88.2,7.7,-,98.6
254258,滋賀県,愛荘町,0.60,91.9,4.4,15.5,97.8
254410,滋賀県,豊郷町,0.46,90.6,1.5,-,97.7
254428,滋賀県,甲良町,0.39,97.3,10.8,10.3,97.2
254436,滋賀県,多賀町,0.69,90.8,7.4,53.2,98.3
261009,京都府,京都市,0.81,99.7,11.4,193.4,102.0
262013,京都府,福知山市,0.54,92.2,10.1,71.8,99.7
262021,京都府,舞鶴市,0.67,95.1,12.4,108.6,100.5
262030,京都府,綾部市,0.51,93.5,9.1,113.8,97.8
262048,京都府,宇治市,0.75,96.1,0.6,-,101.6
262056,京都府,宮津市,0.42,97.3,17.9,210.1,96.8
262064,京都府,亀岡市,0.60,94.4,13.3,89.9,99.2
262072,京都府,城陽市,0.67,97.0,9.4,105.2,99.6
262081,京都府,向日市,0.73,97.2,3.3,8.4,100.6
262099,京都府,長岡京市,0.82,94.4,1.8,8.5,101.3
262102,京都府,八幡市,0.72,99.0,2.9,3.1,100.0
262111,京都府,京田辺市,0.80,93.6,0.4,-,99.9
262129,京都府,京丹後市,0.30,94.3,12.3,129.2,94.6
262137,京都府,南丹市,0.31,93.6,12.2,70.7,97.1
262145,京都府,木津川市,0.64,91.6,9.0,20.3,96.5
263036,京都府,大山崎町,0.80,96.6,3.7,7.3,103.5
263222,京都府,久御山町,1.14,82.3,▲ 1.3,-,99.8
263435,京都府,井手町,0.39,79.3,▲ 1.0,-,90.7
263443,京都府,宇治田原町,0.62,89.0,6.8,122.7,96.0
263648,京都府,笠置町,0.22,98.3,4.6,-,92.1
263656,京都府,和束町,0.21,93.0,12.7,63.1,95.9
263664,京都府,精華町,0.75,97.9,12.9,82.0,98.9
263672,京都府,南山城村,0.24,96.6,8.4,42.6,95.1
264075,京都府,京丹波町,0.28,90.0,17.7,109.7,93.1
264636,京都府,伊根町,0.12,89.6,7.5,-,96.8
264652,京都府,与謝野町,0.29,97.4,17.0,114.6,94.6
271004,大阪府,大阪市,0.94,94.3,2.7,5.3,96.7
271403,大阪府,堺市,0.81,100.8,5.8,5.0,100.3
272027,大阪府,岸和田市,0.62,98.5,7.2,11.6,97.4
272035,大阪府,豊中市,0.91,90.8,3.1,-,100.6
272043,大阪府,池田市,0.89,94.8,3.4,-,101.6
272051,大阪府,吹田市,0.99,95.2,▲ 2.1,-,100.9
272060,大阪府,泉大津市,0.74,94.0,8.7,29.3,97.1
272078,大阪府,高槻市,0.81,92.2,▲ 0.4,-,99.1
272086,大阪府,貝塚市,0.68,93.4,5.4,21.4,98.3
272094,大阪府,守口市,0.73,99.5,6.7,41.0,100.1
272108,大阪府,枚方市,0.80,95.7,▲ 0.4,-,98.6
272116,大阪府,茨木市,0.97,94.1,▲ 2.3,-,100.7
272124,大阪府,八尾市,0.74,100.6,4.1,3.3,99.0
272132,大阪府,泉佐野市,0.95,109.4,12.0,83.0,95.5
272141,大阪府,富田林市,0.65,93.0,▲ 1.3,-,100.3
272159,大阪府,寝屋川市,0.66,87.4,▲ 0.3,-,96.9
272167,大阪府,河内長野市,0.63,98.6,2.3,-,99.2
272175,大阪府,松原市,0.60,100.1,5.6,44.3,100.2
272183,大阪府,大東市,0.75,99.0,6.2,-,97.2
272191,大阪府,和泉市,0.75,96.2,6.7,-,98.1
272205,大阪府,箕面市,0.95,93.3,2.0,4.8,96.8
272213,大阪府,柏原市,0.62,94.3,3.1,10.3,99.6
272221,大阪府,羽曳野市,0.57,97.6,4.7,5.4,99.9
272230,大阪府,門真市,0.70,102.5,4.3,35.9,97.6
272248,大阪府,摂津市,0.99,95.8,▲ 0.7,-,99.0
272256,大阪府,高石市,0.83,95.9,13.9,121.0,99.8
272264,大阪府,藤井寺市,0.62,98.4,1.3,71.9,96.4
272272,大阪府,東大阪市,0.77,96.3,6.3,-,101.9
272281,大阪府,泉南市,0.73,96.9,10.1,85.2,97.2
272299,大阪府,四條畷市,0.62,95.4,5.8,-,97.2
272302,大阪府,交野市,0.71,92.7,9.4,69.4,95.7
272311,大阪府,大阪狭山市,0.70,98.4,2.2,-,99.0
272329,大阪府,阪南市,0.54,95.6,7.4,59.3,95.9
273015,大阪府,島本町,0.79,100.4,4.8,-,99.9
273210,大阪府,豊能町,0.46,99.8,6.3,-,98.8
273228,大阪府,能勢町,0.39,96.9,15.3,132.0,98.4
273414,大阪府,忠岡町,0.57,104.2,8.1,41.1,101.3
273619,大阪府,熊取町,0.60,93.2,3.5,-,95.8
273627,大阪府,田尻町,1.51,74.6,4.9,-,100.5
273660,大阪府,岬町,0.51,94.9,10.6,109.9,96.2
273813,大阪府,太子町,0.51,99.3,6.2,-,97.8
273821,大阪府,河南町,0.45,91.3,5.9,15.9,102.5
273830,大阪府,千早赤阪村,0.29,90.0,7.5,-,95.2
281000,兵庫県,神戸市,0.79,99.0,4.3,61.6,100.4
282014,兵庫県,姫路市,0.89,87.2,2.9,0.9,101.3
282022,兵庫県,尼崎市,0.84,97.4,10.9,51.4,98.2
282031,兵庫県,明石市,0.78,94.2,3.4,25.5,100.3
282049,兵庫県,西宮市,0.96,97.3,4.1,6.3,101.4
282057,兵庫県,洲本市,0.49,92.6,14.3,62.8,99.6
282065,兵庫県,芦屋市,1.02,96.9,7.4,97.7,101.2
282073,兵庫県,伊丹市,0.83,93.2,5.1,-,100.1
282081,兵庫県,相生市,0.57,99.2,14.5,82.4,99.3
282090,兵庫県,豊岡市,0.39,94.9,13.8,69.3,95.5
282103,兵庫県,加古川市,0.91,93.8,2.0,-,100.7
282120,兵庫県,赤穂市,0.71,81.3,10.4,110.9,96.8
282138,兵庫県,西脇市,0.45,90.4,8.5,20.9,99.0
282146,兵庫県,宝塚市,0.88,95.4,3.7,18.9,100.9
282154,兵庫県,三木市,0.70,94.7,3.5,39.6,100.0
282162,兵庫県,高砂市,0.88,90.6,4.8,70.8,99.8
282171,兵庫県,川西市,0.71,95.7,9.3,101.4,98.5
282189,兵庫県,小野市,0.72,90.7,4.6,5.7,100.3
282197,兵庫県,三田市,0.87,94.2,6.0,-,98.2
282201,兵庫県,加西市,0.66,93.9,8.1,46.6,99.8
282219,兵庫県,丹波篠山市,0.45,92.2,15.6,133.4,97.9
282227,兵庫県,養父市,0.24,90.2,5.9,-,95.7
282235,兵庫県,丹波市,0.44,91.6,5.7,-,97.3
282243,兵庫県,南あわじ市,0.41,93.2,13.6,84.4,98.1
282251,兵庫県,朝来市,0.40,89.1,11.3,-,97.1
282260,兵庫県,淡路市,0.35,92.0,14.9,140.9,98.8
282278,兵庫県,宍粟市,0.34,91.4,7.9,83.7,97.7
282286,兵庫県,加東市,0.69,88.6,5.1,-,99.2
282294,兵庫県,たつの市,0.56,87.7,10.2,11.9,99.5
283011,兵庫県,猪名川町,0.60,86.9,2.9,-,99.2
283657,兵庫県,多可町,0.33,91.4,12.9,22.1,98.7
283819,兵庫県,稲美町,0.76,86.4,5.1,-,99.3
283827,兵庫県,播磨町,0.88,92.1,▲ 0.1,-,99.4
284424,兵庫県,市川町,0.40,86.6,8.9,93.1,97.8
284432,兵庫県,福崎町,0.72,88.4,9.8,90.9,99.4
284467,兵庫県,神河町,0.39,91.8,14.4,73.5,97.7
284645,兵庫県,太子町,0.68,85.0,9.5,61.1,97.2
284815,兵庫県,上郡町,0.53,92.9,17.1,164.8,96.2
285013,兵庫県,佐用町,0.30,83.5,1.7,-,96.4
285854,兵庫県,香美町,0.23,86.2,9.6,59.9,94.3
285862,兵庫県,新温泉町,0.25,87.3,10.8,89.9,96.7
292010,奈良県,奈良市,0.77,97.4,10.3,119.7,99.7
292028,奈良県,大和高田市,0.49,100.2,8.3,35.5,98.0
292036,奈良県,大和郡山市,0.72,97.7,11.2,14.5,97.7
292044,奈良県,天理市,0.59,101.8,10.7,56.2,100.0
292052,奈良県,橿原市,0.73,95.5,3.9,53.1,100.1
292061,奈良県,桜井市,0.54,99.3,7.4,97.7,100.5
292079,奈良県,五條市,0.36,95.1,13.4,120.9,95.1
292087,奈良県,御所市,0.41,101.1,12.4,92.7,98.9
292095,奈良県,生駒市,0.82,89.7,4.6,-,100.6
292109,奈良県,香芝市,0.70,90.1,13.5,68.3,100.5
292117,奈良県,葛城市,0.52,97.9,8.5,47.8,96.0
292125,奈良県,宇陀市,0.29,97.0,13.4,108.6,98.8
293229,奈良県,山添村,0.29,84.4,3.9,-,96.5
293423,奈良県,平群町,0.47,95.7,16.7,222.8,96.9
293431,奈良県,三郷町,0.48,89.0,1.5,49.4,97.2
293440,奈良県,斑鳩町,0.54,93.2,7.0,37.5,99.5
293458,奈良県,安堵町,0.37,95.8,6.1,24.0,96.2
293610,奈良県,川西町,0.48,85.7,8.0,-,92.9
293628,奈良県,三宅町,0.31,86.1,10.2,27.6,92.6
293636,奈良県,田原本町,0.58,99.5,9.7,56.0,96.4
293857,奈良県,曽爾村,0.13,83.8,8.1,-,97.3
293865,奈良県,御杖村,0.13,78.6,3.8,-,94.9
294012,奈良県,高取町,0.33,90.0,9.1,78.0,97.0
294021,奈良県,明日香村,0.24,92.0,4.5,20.1,97.5
294241,奈良県,上牧町,0.49,98.2,13.9,102.2,93.0
294250,奈良県,王寺町,0.64,98.0,5.8,-,95.8
294268,奈良県,広陵町,0.63,94.5,7.8,61.4,97.9
294276,奈良県,河合町,0.53,93.9,18.4,199.0,88.6
294411,奈良県,吉野町,0.25,93.5,8.1,93.6,91.5
294420,奈良県,大淀町,0.44,92.5,9.2,7.0,97.0
294438,奈良県,下市町,0.22,87.7,13.2,45.2,92.8
294446,奈良県,黒滝村,0.13,104.0,5.9,-,95.1
294462,奈良県,天川村,0.14,92.8,10.7,-,89.4
294471,奈良県,野迫川村,0.12,97.8,12.4,16.6,90.7
294497,奈良県,十津川村,0.24,88.2,8.0,-,92.0
294501,奈良県,下北山村,0.23,89.9,6.1,-,90.6
294519,奈良県,上北山村,0.12,96.9,3.3,-,91.2
294527,奈良県,川上村,0.23,83.4,7.1,-,97.8
294535,奈良県,東吉野村,0.13,91.3,9.2,-,91.4
302015,和歌山県,和歌山市,0.82,98.0,10.6,119.7,99.5
302023,和歌山県,海南市,0.55,99.5,6.8,85.4,95.7
302031,和歌山県,橋本市,0.46,100.7,13.2,86.4,97.5
302040,和歌山県,有田市,0.53,99.2,7.9,-,97.2
302058,和歌山県,御坊市,0.53,104.5,12.5,99.7,98.6
302066,和歌山県,田辺市,0.38,98.0,8.8,-,99.8
302074,和歌山県,新宮市,0.37,97.1,13.5,28.7,97.6
302082,和歌山県,紀の川市,0.40,91.5,6.0,-,98.2
302091,和歌山県,岩出市,0.64,86.4,4.0,-,93.1
303046,和歌山県,紀美野町,0.22,97.7,9.9,59.9,92.7
303411,和歌山県,かつらぎ町,0.36,96.9,10.4,62.5,97.5
303437,和歌山県,九度山町,0.21,93.5,12.4,69.0,94.1
303445,和歌山県,高野町,0.21,88.4,4.8,-,89.3
303615,和歌山県,湯浅町,0.35,86.1,9.7,-,93.2
303623,和歌山県,広川町,0.31,89.8,6.3,-,97.3
303666,和歌山県,有田川町,0.35,90.0,13.0,3.2,96.3
303810,和歌山県,美浜町,0.31,93.1,6.9,37.2,97.6
303828,和歌山県,日高町,0.31,97.0,9.0,68.3,97.0
303836,和歌山県,由良町,0.31,91.3,12.5,179.3,96.2
303909,和歌山県,印南町,0.34,73.6,6.0,-,97.3
303917,和歌山県,みなべ町,0.32,91.1,10.6,27.2,91.9
303925,和歌山県,日高川町,0.25,89.1,10.4,-,94.6
304018,和歌山県,白浜町,0.45,98.5,9.1,45.8,96.9
304042,和歌山県,上富田町,0.50,89.0,14.1,59.5,95.5
304069,和歌山県,すさみ町,0.20,93.8,7.3,-,98.9
304212,和歌山県,那智勝浦町,0.33,97.8,7.6,26.9,97.9
304221,和歌山県,太地町,0.18,94.8,5.1,13.9,93.7
304247,和歌山県,古座川町,0.14,81.7,5.9,-,100.1
304271,和歌山県,北山村,0.14,93.4,5.9,-,94.9
304280,和歌山県,串本町,0.26,93.3,11.0,84.8,93.8
312011,鳥取県,鳥取市,0.52,88.5,9.6,68.4,97.4
312029,鳥取県,米子市,0.68,91.0,8.4,79.4,97.7
312037,鳥取県,倉吉市,0.45,90.6,11.6,89.2,95.9
312045,鳥取県,境港市,0.57,91.3,11.8,123.3,95.7
313025,鳥取県,岩美町,0.27,84.4,11.1,28.2,94.8
313254,鳥取県,若桜町,0.13,88.2,6.8,18.3,96.4
313289,鳥取県,智頭町,0.21,94.3,10.5,70.2,94.7
313297,鳥取県,八頭町,0.23,92.6,9.4,15.7,93.2
313645,鳥取県,三朝町,0.24,85.2,8.3,-,92.3
313700,鳥取県,湯梨浜町,0.27,87.9,9.0,16.9,92.5
313718,鳥取県,琴浦町,0.31,91.6,14.3,95.1,94.3
313726,鳥取県,北栄町,0.30,90.8,12.1,79.3,94.8
313840,鳥取県,日吉津村,0.61,84.8,11.1,-,95.6
313866,鳥取県,大山町,0.27,92.4,10.5,-,93.5
313891,鳥取県,南部町,0.27,92.1,11.4,19.9,91.8
313904,鳥取県,伯耆町,0.30,88.4,7.7,-,95.0
314013,鳥取県,日南町,0.17,93.7,7.0,-,94.4
314021,鳥取県,日野町,0.18,82.0,6.0,-,93.3
314030,鳥取県,江府町,0.32,86.1,13.6,94.5,95.4
322016,島根県,松江市,0.58,94.3,11.2,76.8,99.3
322024,島根県,浜田市,0.40,91.4,10.7,44.1,97.7
322032,島根県,出雲市,0.56,86.7,12.9,158.8,98.9
322041,島根県,益田市,0.40,93.1,12.5,104.8,99.0
322059,島根県,大田市,0.29,96.7,12.7,87.3,98.5
322067,島根県,安来市,0.38,92.8,15.5,118.4,100.1
322075,島根県,江津市,0.35,92.4,12.9,101.3,99.6
322091,島根県,雲南市,0.26,96.9,11.3,106.3,98.9
323438,島根県,奥出雲町,0.17,89.2,12.6,151.3,91.8
323861,島根県,飯南町,0.14,93.7,10.4,60.3,98.8
324418,島根県,川本町,0.16,88.4,9.1,18.5,96.3
324485,島根県,美郷町,0.14,92.0,12.4,84.7,97.3
324493,島根県,邑南町,0.17,93.3,15.0,91.6,97.2
325015,島根県,津和野町,0.17,89.0,9.7,110.8,98.1
325058,島根県,吉賀町,0.18,90.0,7.0,53.8,98.8
325252,島根県,海士町,0.10,86.8,11.6,98.2,95.9
325261,島根県,西ノ島町,0.11,87.0,13.0,103.7,97.3
325279,島根県,知夫村,0.08,96.4,10.3,92.6,99.9
325287,島根県,隠岐の島町,0.20,89.0,9.8,131.8,99.1
331007,岡山県,岡山市,0.79,90.6,5.4,-,100.5
332020,岡山県,倉敷市,0.87,89.6,3.7,31.2,101.8
332038,岡山県,津山市,0.54,92.4,12.4,119.8,99.5
332046,岡山県,玉野市,0.58,91.3,4.7,-,99.8
332054,岡山県,笠岡市,0.58,91.2,6.4,59.5,99.8
332071,岡山県,井原市,0.42,89.0,9.7,-,100.0
332089,岡山県,総社市,0.61,92.8,7.4,14.7,98.7
332097,岡山県,高梁市,0.32,94.7,12.5,76.5,98.3
332101,岡山県,新見市,0.25,85.8,9.6,41.4,98.6
332119,岡山県,備前市,0.45,97.6,10.7,-,98.1
332127,岡山県,瀬戸内市,0.58,82.0,8.6,36.2,96.7
332135,岡山県,赤磐市,0.46,90.9,7.1,12.1,95.9
332143,岡山県,真庭市,0.30,89.9,10.3,-,98.0
332151,岡山県,美作市,0.27,90.1,11.8,-,97.6
332160,岡山県,浅口市,0.45,92.1,10.1,-,99.3
333468,岡山県,和気町,0.32,87.2,9.9,47.4,97.6
334235,岡山県,早島町,0.73,91.8,6.6,-,96.6
334456,岡山県,里庄町,0.58,85.2,7.6,-,94.8
334618,岡山県,矢掛町,0.36,87.0,9.0,-,99.2
335860,岡山県,新庄村,0.21,78.9,5.2,-,90.0
336068,岡山県,鏡野町,0.31,85.0,11.4,57.9,95.4
336220,岡山県,勝央町,0.52,82.5,13.5,52.1,98.4
336238,岡山県,奈義町,0.32,90.0,7.9,-,95.2
336432,岡山県,西粟倉村,0.13,88.1,9.8,10.6,94.2
336637,岡山県,久米南町,0.24,89.5,14.8,15.5,95.7
336661,岡山県,美咲町,0.25,82.7,9.4,33.3,96.0
336815,岡山県,吉備中央町,0.29,83.3,8.1,13.0,94.6
341002,広島県,広島市,0.83,97.6,11.7,174.7,99.9
342025,広島県,呉市,0.61,97.0,8.1,66.7,99.2
342033,広島県,竹原市,0.60,96.0,8.4,94.0,97.5
342041,広島県,三原市,0.55,95.2,6.7,40.6,98.4
342050,広島県,尾道市,0.56,95.9,6.4,30.2,100.9
342076,広島県,福山市,0.82,86.3,1.6,-,101.1
342084,広島県,府中市,0.47,97.9,9.6,73.1,99.7
342092,広島県,三次市,0.34,97.5,6.4,44.0,97.2
342106,広島県,庄原市,0.26,96.5,11.9,101.1,97.3
342114,広島県,大竹市,0.81,93.4,14.9,156.4,99.3
342122,広島県,東広島市,0.84,88.3,1.0,-,100.5
342131,広島県,廿日市市,0.63,94.0,4.6,80.7,98.7
342149,広島県,安芸高田市,0.32,92.8,12.9,94.7,100.2
342157,広島県,江田島市,0.31,95.1,6.8,25.9,98.9
343021,広島県,府中町,0.87,97.3,5.7,104.1,99.1
343048,広島県,海田町,0.80,85.6,6.4,-,97.5
343072,広島県,熊野町,0.53,90.4,6.3,14.3,95.5
343099,広島県,坂町,0.73,85.8,3.3,-,94.2
343684,広島県,安芸太田町,0.20,93.5,12.4,36.6,97.3
343692,広島県,北広島町,0.35,90.6,14.4,69.8,98.0
344311,広島県,大崎上島町,0.41,88.7,12.4,-,95.2
344621,広島県,世羅町,0.32,94.0,10.7,13.0,97.7
345458,広島県,神石高原町,0.21,77.4,5.7,-,96.4
352012,山口県,下関市,0.55,98.4,9.8,75.8,100.2
352021,山口県,宇部市,0.73,93.8,3.1,24.6,100.0
352039,山口県,山口市,0.64,94.6,5.4,56.0,99.9
352047,山口県,萩市,0.33,92.1,5.7,1.8,98.6
352063,山口県,防府市,0.82,95.7,3.2,-,99.5
352071,山口県,下松市,0.90,97.8,3.5,30.1,99.4
352080,山口県,岩国市,0.58,92.9,3.9,7.0,98.1
352101,山口県,光市,0.68,97.2,7.0,35.1,99.3
352110,山口県,長門市,0.35,97.7,6.6,16.3,96.4
352128,山口県,柳井市,0.52,94.6,9.9,56.8,97.5
352136,山口県,美祢市,0.38,94.5,9.0,28.1,100.2
352152,山口県,周南市,0.80,97.4,8.9,87.9,102.1
352161,山口県,山陽小野田市,0.61,95.6,7.9,58.6,100.6
353051,山口県,周防大島町,0.18,96.3,12.0,43.6,96.0
353213,山口県,和木町,0.71,93.3,6.0,47.9,98.9
353418,山口県,上関町,0.12,93.2,8.4,-,94.7
353434,山口県,田布施町,0.47,93.2,11.1,47.0,97.2
353442,山口県,平生町,0.42,88.8,12.5,136.6,96.2
355020,山口県,阿武町,0.17,83.3,▲ 1.1,-,96.8
362018,徳島県,徳島市,0.82,95.2,6.0,63.4,98.9
362026,徳島県,鳴門市,0.64,97.3,13.2,127.7,97.0
362034,徳島県,小松島市,0.59,98.8,13.6,114.6,99.0
362042,徳島県,阿南市,0.83,92.1,4.9,-,97.9
362051,徳島県,吉野川市,0.38,96.1,9.0,38.1,100.6
362069,徳島県,阿波市,0.35,95.3,8.0,-,99.3
362077,徳島県,美馬市,0.30,96.7,9.7,41.3,99.7
362085,徳島県,三好市,0.22,91.3,7.1,-,98.2
363014,徳島県,勝浦町,0.25,87.8,4.8,-,95.6
363022,徳島県,上勝町,0.13,93.0,4.7,-,95.2
363219,徳島県,佐那河内村,0.17,79.2,1.0,-,99.1
363413,徳島県,石井町,0.53,91.8,5.9,-,98.5
363421,徳島県,神山町,0.22,76.0,2.5,-,95.5
363685,徳島県,那賀町,0.19,89.4,8.5,-,96.6
363839,徳島県,牟岐町,0.17,97.6,8.8,36.9,95.8
363871,徳島県,美波町,0.17,96.6,6.1,18.2,94.2
363880,徳島県,海陽町,0.19,85.7,1.7,-,91.5
364011,徳島県,松茂町,0.88,79.7,▲ 3.6,-,93.7
364029,徳島県,北島町,0.79,90.1,5.2,-,96.2
364037,徳島県,藍住町,0.72,89.8,5.1,-,96.0
364045,徳島県,板野町,0.49,90.0,5.8,18.3,96.8
364053,徳島県,上板町,0.42,87.2,6.2,-,97.2
364681,徳島県,つるぎ町,0.18,99.2,10.7,22.9,93.4
364894,徳島県,東みよし町,0.31,91.9,7.2,-,98.2
372013,香川県,高松市,0.82,94.8,7.5,74.5,101.0
372021,香川県,丸亀市,0.66,92.9,8.9,25.5,99.4
372030,香川県,坂出市,0.84,86.8,9.4,82.8,100.0
372048,香川県,善通寺市,0.53,93.8,5.5,-,98.5
372056,香川県,観音寺市,0.64,90.4,9.6,54.5,99.4
372064,香川県,さぬき市,0.40,92.6,13.2,-,99.4
372072,香川県,東かがわ市,0.38,92.0,2.7,-,97.6
372081,香川県,三豊市,0.45,97.9,5.9,-,98.8
373222,香川県,土庄町,0.36,91.4,8.0,46.6,94.2
373249,香川県,小豆島町,0.31,93.5,6.3,-,94.8
373419,香川県,三木町,0.56,88.5,3.9,7.9,96.2
373648,香川県,直島町,0.48,85.1,8.7,-,99.3
373869,香川県,宇多津町,0.88,88.7,5.1,-,95.6
373877,香川県,綾川町,0.53,82.8,▲ 2.4,-,97.9
374032,香川県,琴平町,0.40,95.0,7.2,51.8,96.7
374041,香川県,多度津町,0.64,92.2,11.5,149.4,99.2
374067,香川県,まんのう町,0.34,84.7,8.3,-,98.0
382019,愛媛県,松山市,0.77,89.9,7.9,43.0,99.4
382027,愛媛県,今治市,0.54,96.1,11.6,-,95.5
382035,愛媛県,宇和島市,0.34,86.5,3.7,-,95.0
382043,愛媛県,八幡浜市,0.34,94.0,9.2,65.9,97.5
382051,愛媛県,新居浜市,0.77,81.5,1.4,21.9,99.5
382060,愛媛県,西条市,0.67,89.7,6.5,78.4,95.0
382078,愛媛県,大洲市,0.36,93.4,7.1,41.7,93.9
382108,愛媛県,伊予市,0.42,89.9,7.5,49.4,96.1
382132,愛媛県,四国中央市,0.74,85.4,8.8,95.2,98.3
382141,愛媛県,西予市,0.25,96.5,10.5,72.9,93.1
382159,愛媛県,東温市,0.50,96.2,11.6,63.0,96.6
383562,愛媛県,上島町,0.15,96.4,12.9,44.9,88.8
383864,愛媛県,久万高原町,0.19,86.4,11.1,-,91.0
384011,愛媛県,松前町,0.77,86.2,8.6,85.7,94.7
384020,愛媛県,砥部町,0.45,81.1,2.0,48.6,94.3
384224,愛媛県,内子町,0.27,80.8,1.8,-,91.3
384429,愛媛県,伊方町,0.52,85.8,5.3,-,92.1
384844,愛媛県,松野町,0.17,84.6,5.2,4.6,93.7
384887,愛媛県,鬼北町,0.23,89.9,5.8,-,95.1
385069,愛媛県,愛南町,0.22,99.5,8.1,-,91.4
392014,高知県,高知市,0.64,96.3,13.6,172.2,99.3
392022,高知県,室戸市,0.23,95.1,10.2,-,97.0
392031,高知県,安芸市,0.32,84.8,6.7,-,95.2
392049,高知県,南国市,0.63,87.5,7.3,70.0,96.7
392057,高知県,土佐市,0.39,89.3,12.0,77.4,98.0
392065,高知県,須崎市,0.42,94.8,14.9,60.2,97.1
392081,高知県,宿毛市,0.37,92.9,12.2,88.3,97.1
392090,高知県,土佐清水市,0.27,95.2,18.5,100.9,96.1
392103,高知県,四万十市,0.35,90.6,10.1,84.1,95.9
392111,高知県,香南市,0.35,90.0,4.6,-,96.2
392120,高知県,香美市,0.32,98.8,9.9,-,94.5
393011,高知県,東洋町,0.13,93.3,12.7,67.8,96.2
393029,高知県,奈半利町,0.20,88.0,1.0,-,97.3
393037,高知県,田野町,0.20,88.2,2.7,-,95.4
393045,高知県,安田町,0.16,96.4,6.4,3.3,91.5
393053,高知県,北川村,0.20,89.7,▲ 4.7,-,97.5
393061,高知県,馬路村,0.16,89.5,8.9,-,95.7
393070,高知県,芸西村,0.26,88.4,7.6,-,95.5
393410,高知県,本山町,0.17,96.3,9.0,25.6,96.3
393444,高知県,大豊町,0.17,65.8,2.4,-,92.4
393631,高知県,土佐町,0.21,83.4,7.6,-,97.3
393649,高知県,大川村,0.13,94.8,11.3,-,96.2
393860,高知県,いの町,0.36,92.2,8.7,-,97.2
393878,高知県,仁淀川町,0.17,84.7,1.4,-,94.8
394017,高知県,中土佐町,0.17,90.7,11.0,-,97.0
394025,高知県,佐川町,0.34,87.8,3.5,-,91.9
394033,高知県,越知町,0.21,97.4,8.1,35.5,97.1
394050,高知県,梼原町,0.13,88.9,4.0,-,91.0
394106,高知県,日高村,0.29,85.7,8.6,-,95.8
394114,高知県,津野町,0.16,74.9,▲ 7.8,-,95.0
394122,高知県,四万十町,0.23,89.6,6.0,-,94.4
394246,高知県,大月町,0.19,93.7,10.2,31.6,98.7
394271,高知県,三原村,0.13,98.3,9.7,-,96.1
394289,高知県,黒潮町,0.20,97.1,9.2,-,95.8
401005,福岡県,北九州市,0.71,99.4,10.6,161.6,101.8
401307,福岡県,福岡市,0.89,93.8,9.7,107.1,101.9
402028,福岡県,大牟田市,0.54,95.9,6.9,29.0,98.8
402036,福岡県,久留米市,0.67,96.5,3.5,23.7,99.6
402044,福岡県,直方市,0.56,92.6,5.5,59.0,99.9
402052,福岡県,飯塚市,0.51,98.7,6.0,12.2,99.6
402061,福岡県,田川市,0.44,102.4,8.0,-,95.7
402079,福岡県,柳川市,0.47,94.3,5.4,32.5,99.1
402109,福岡県,八女市,0.39,94.6,8.9,-,101.0
402117,福岡県,筑後市,0.68,91.8,8.1,30.0,99.6
402125,福岡県,大川市,0.53,95.4,9.0,71.6,100.3
402133,福岡県,行橋市,0.67,93.9,5.9,-,101.0
402141,福岡県,豊前市,0.54,96.7,9.4,36.2,98.8
402150,福岡県,中間市,0.45,86.2,9.3,45.0,100.1
402168,福岡県,小郡市,0.68,97.0,7.8,23.6,100.9
402176,福岡県,筑紫野市,0.79,88.7,4.1,-,101.9
402184,福岡県,春日市,0.76,87.2,2.4,-,99.8
402192,福岡県,大野城市,0.83,90.8,2.4,-,101.3
402206,福岡県,宗像市,0.60,92.0,▲ 2.7,-,97.7
402214,福岡県,太宰府市,0.68,94.7,2.2,-,100.8
402231,福岡県,古賀市,0.71,90.8,5.0,-,94.2
402249,福岡県,福津市,0.59,95.5,5.6,-,91.8
402257,福岡県,うきは市,0.39,88.5,9.1,-,97.9
402265,福岡県,宮若市,0.64,89.4,5.9,-,99.7
402273,福岡県,嘉麻市,0.28,99.5,4.9,-,98.2
402281,福岡県,朝倉市,0.54,92.5,9.4,-,99.2
402290,福岡県,みやま市,0.43,92.3,4.3,-,99.6
402303,福岡県,糸島市,0.58,89.7,6.7,-,99.8
402311,福岡県,那珂川市,0.74,95.5,6.8,-,99.4
403415,福岡県,宇美町,0.61,95.7,7.7,0.6,97.0
403423,福岡県,篠栗町,0.60,96.0,6.7,20.2,98.5
403431,福岡県,志免町,0.75,89.3,5.8,-,100.3
403440,福岡県,須恵町,0.63,92.5,7.2,50.5,98.1
403458,福岡県,新宮町,0.90,96.2,7.4,59.8,96.6
403482,福岡県,久山町,0.87,93.7,12.3,52.6,93.2
403491,福岡県,粕屋町,0.89,92.1,9.7,-,100.5
403814,福岡県,芦屋町,0.37,94.2,1.6,-,96.5
403822,福岡県,水巻町,0.53,94.6,4.8,42.8,94.0
403831,福岡県,岡垣町,0.56,87.4,4.8,-,99.6
403849,福岡県,遠賀町,0.59,91.9,7.0,23.1,94.0
404012,福岡県,小竹町,0.34,98.0,8.5,100.7,95.1
404021,福岡県,鞍手町,0.47,99.5,8.8,-,94.6
404217,福岡県,桂川町,0.42,96.2,3.3,6.7,98.8
404471,福岡県,筑前町,0.48,87.3,11.1,71.5,99.2
404489,福岡県,東峰村,0.13,82.7,6.2,-,96.3
405035,福岡県,大刀洗町,0.48,83.3,7.7,-,98.6
405221,福岡県,大木町,0.52,85.1,8.0,-,100.3
405442,福岡県,広川町,0.64,94.7,8.1,39.7,98.4
406015,福岡県,香春町,0.33,89.5,3.3,-,97.1
406023,福岡県,添田町,0.24,95.2,3.8,-,95.3
406040,福岡県,糸田町,0.24,97.1,4.7,-,99.0
406058,福岡県,川崎町,0.31,96.1,8.7,62.2,94.3
406082,福岡県,大任町,0.20,93.7,16.6,70.1,93.0
406091,福岡県,赤村,0.17,82.6,▲ 4.2,-,96.2
406104,福岡県,福智町,0.27,94.8,4.6,-,98.2
406210,福岡県,苅田町,1.27,84.2,9.4,36.7,101.2
406252,福岡県,みやこ町,0.36,88.8,5.3,-,97.3
406422,福岡県,吉富町,0.41,85.0,8.0,5.5,94.1
406465,福岡県,上毛町,0.28,81.9,▲ 2.6,-,96.0
406473,福岡県,築上町,0.35,98.2,8.5,43.5,99.2
412015,佐賀県,佐賀市,0.65,94.1,1.7,-,99.8
412023,佐賀県,唐津市,0.43,90.4,11.9,112.7,98.0
412031,佐賀県,鳥栖市,0.96,88.0,1.5,-,99.2
412040,佐賀県,多久市,0.38,100.6,11.5,-,98.7
412058,佐賀県,伊万里市,0.58,90.9,12.3,53.2,99.3
412066,佐賀県,武雄市,0.49,95.6,9.0,9.2,98.4
412074,佐賀県,鹿島市,0.48,94.6,8.6,94.1,98.2
412082,佐賀県,小城市,0.42,92.5,6.9,-,96.8
412091,佐賀県,嬉野市,0.38,86.4,9.8,26.8,95.3
412104,佐賀県,神埼市,0.45,92.1,9.0,58.1,97.9
413275,佐賀県,吉野ヶ里町,0.53,90.5,10.1,-,97.5
413411,佐賀県,基山町,0.68,95.7,8.0,-,99.4
413453,佐賀県,上峰町,0.63,94.1,10.9,-,95.1
413461,佐賀県,みやき町,0.43,92.7,10.0,-,97.1
413879,佐賀県,玄海町,1.24,77.4,▲ 0.2,-,95.4
414018,佐賀県,有田町,0.37,94.0,9.1,-,97.6
414239,佐賀県,大町町,0.31,94.9,8.0,-,95.6
414247,佐賀県,江北町,0.41,91.8,12.4,-,97.9
414255,佐賀県,白石町,0.34,92.6,10.0,4.3,95.9
414417,佐賀県,太良町,0.26,89.2,4.5,-,95.6
422011,長崎県,長崎市,0.59,97.4,8.2,91.0,98.2
422029,長崎県,佐世保市,0.54,92.4,4.3,-,99.4
422037,長崎県,島原市,0.45,92.6,3.1,-,97.1
422045,長崎県,諫早市,0.55,92.5,6.8,-,97.9
422053,長崎県,大村市,0.64,99.4,9.2,36.0,98.6
422070,長崎県,平戸市,0.24,88.3,3.0,-,98.0
422088,長崎県,松浦市,0.50,91.0,11.5,76.2,99.3
422096,長崎県,対馬市,0.19,86.6,6.0,10.5,99.3
422100,長崎県,壱岐市,0.22,90.6,6.7,32.8,96.3
422118,長崎県,五島市,0.24,91.6,6.7,12.8,96.6
422126,長崎県,西海市,0.29,83.6,▲ 2.8,-,99.5
422134,長崎県,雲仙市,0.28,83.9,3.5,-,98.0
422142,長崎県,南島原市,0.25,87.2,▲ 4.1,-,97.6
423076,長崎県,長与町,0.67,93.5,7.3,-,99.3
423084,長崎県,時津町,0.72,92.7,4.9,-,99.7
423211,長崎県,東彼杵町,0.31,85.8,10.4,63.0,97.4
423220,長崎県,川棚町,0.39,83.0,6.0,20.9,96.9
423238,長崎県,波佐見町,0.42,82.1,9.1,-,97.2
423831,長崎県,小値賀町,0.10,81.6,7.0,-,95.4
423912,長崎県,佐々町,0.57,104.5,8.7,-,99.2
424111,長崎県,新上五島町,0.23,78.3,2.1,-,97.0
431001,熊本県,熊本市,0.71,91.0,6.0,121.9,100.1
432024,熊本県,八代市,0.51,95.0,9.4,94.7,97.5
432032,熊本県,人吉市,0.45,96.9,4.9,37.4,92.3
432041,熊本県,荒尾市,0.49,90.7,9.4,-,94.5
432059,熊本県,水俣市,0.39,96.7,10.7,51.3,96.1
432067,熊本県,玉名市,0.45,99.0,8.5,15.5,97.9
432083,熊本県,山鹿市,0.34,98.7,9.5,-,97.8
432105,熊本県,菊池市,0.44,95.9,10.8,21.3,95.8
432113,熊本県,宇土市,0.54,94.8,10.3,20.3,97.9
432121,熊本県,上天草市,0.26,93.0,11.9,-,98.9
432130,熊本県,宇城市,0.41,93.9,8.7,15.1,98.9
432148,熊本県,阿蘇市,0.37,94.6,7.8,41.1,96.8
432156,熊本県,天草市,0.27,93.6,9.4,20.9,97.2
432164,熊本県,合志市,0.68,88.0,6.7,-,97.4
433489,熊本県,美里町,0.24,94.5,6.4,-,94.7
433641,熊本県,玉東町,0.32,87.0,4.4,-,96.7
433675,熊本県,南関町,0.41,92.5,8.5,18.5,93.0
433683,熊本県,長洲町,0.55,95.2,7.6,41.5,94.6
433691,熊本県,和水町,0.25,94.6,10.3,-,95.3
434035,熊本県,大津町,0.77,88.7,8.0,-,97.0
434043,熊本県,菊陽町,1.00,89.3,6.3,10.5,99.4
434230,熊本県,南小国町,0.22,91.1,6.4,-,95.9
434248,熊本県,小国町,0.25,87.6,8.6,23.9,95.4
434256,熊本県,産山村,0.17,87.9,7.5,-,93.6
434281,熊本県,高森町,0.25,83.5,5.8,-,93.4
434329,熊本県,西原村,0.39,90.5,6.9,-,94.6
434337,熊本県,南阿蘇村,0.25,99.8,9.2,50.9,94.4
434418,熊本県,御船町,0.37,93.0,10.1,77.8,90.4
434426,熊本県,嘉島町,0.70,98.2,8.5,62.0,93.2
434434,熊本県,益城町,0.56,94.9,8.8,32.9,92.7
434442,熊本県,甲佐町,0.32,85.9,6.3,53.1,91.7
434477,熊本県,山都町,0.22,82.8,4.8,6.0,92.2
434680,熊本県,氷川町,0.29,98.7,8.0,44.2,93.3
434825,熊本県,芦北町,0.35,94.4,4.0,-,94.9
434841,熊本県,津奈木町,0.23,87.2,1.9,-,94.2
435015,熊本県,錦町,0.40,87.9,8.9,63.2,93.5
435058,熊本県,多良木町,0.24,89.0,8.0,31.3,96.9
435066,熊本県,湯前町,0.17,89.7,4.6,-,92.7
435074,熊本県,水上村,0.16,84.7,9.7,-,94.4
435104,熊本県,相良村,0.20,85.9,7.9,2.7,94.4
435112,熊本県,五木村,0.22,86.1,7.6,-,96.6
435121,熊本県,山江村,0.15,89.2,11.3,-,94.8
435139,熊本県,球磨村,0.15,82.7,5.2,-,95.8
435147,熊本県,あさぎり町,0.24,87.5,8.3,-,92.6
435317,熊本県,苓北町,0.48,89.5,13.4,83.6,97.7
442011,大分県,大分市,0.90,95.8,5.2,36.6,100.1
442020,大分県,別府市,0.58,96.9,2.8,-,99.7
442038,大分県,中津市,0.51,96.7,6.3,41.9,101.0
442046,大分県,日田市,0.41,93.1,4.1,-,100.2
442054,大分県,佐伯市,0.33,97.2,8.3,3.4,100.4
442062,大分県,臼杵市,0.39,91.9,7.7,-,99.1
442071,大分県,津久見市,0.42,96.6,10.8,20.6,99.7
442089,大分県,竹田市,0.26,96.2,4.3,24.9,99.8
442097,大分県,豊後高田市,0.31,90.6,6.0,-,100.0
442101,大分県,杵築市,0.35,94.4,10.4,28.4,96.0
442119,大分県,宇佐市,0.43,95.9,6.4,15.8,100.2
442127,大分県,豊後大野市,0.28,92.1,4.8,-,100.8
442135,大分県,由布市,0.43,94.3,6.8,27.3,100.5
442143,大分県,国東市,0.31,95.8,5.4,-,100.7
443221,大分県,姫島村,0.11,80.9,4.9,-,81.1
443417,大分県,日出町,0.57,92.7,8.1,54.9,98.7
444618,大分県,九重町,0.34,86.7,5.7,-,99.8
444626,大分県,玖珠町,0.37,93.7,2.9,-,100.7
452017,宮崎県,宮崎市,0.70,91.4,6.8,46.7,98.8
452025,宮崎県,都城市,0.55,95.7,4.9,-,98.7
452033,宮崎県,延岡市,0.49,92.8,8.1,-,99.5
452041,宮崎県,日南市,0.41,92.4,9.2,70.2,99.1
452050,宮崎県,小林市,0.39,94.5,10.9,106.6,97.3
452068,宮崎県,日向市,0.55,94.5,10.6,59.4,99.5
452076,宮崎県,串間市,0.29,92.3,6.1,55.3,99.3
452084,宮崎県,西都市,0.40,89.1,4.0,-,97.1
452092,宮崎県,えびの市,0.36,91.8,2.7,-,98.1
453412,宮崎県,三股町,0.46,91.5,4.9,-,95.5
453617,宮崎県,高原町,0.28,95.5,7.7,-,98.1
453820,宮崎県,国富町,0.51,89.0,9.7,90.7,97.2
453838,宮崎県,綾町,0.29,96.0,7.7,57.3,95.3
454010,宮崎県,高鍋町,0.54,96.4,13.4,1.1,96.2
454028,宮崎県,新富町,0.47,94.4,8.4,6.9,97.3
454036,宮崎県,西米良村,0.14,82.7,7.5,-,94.2
454044,宮崎県,木城町,0.94,82.6,3.9,-,97.2
454052,宮崎県,川南町,0.49,92.4,7.8,-,94.4
454061,宮崎県,都農町,0.32,87.4,9.3,-,95.3
454214,宮崎県,門川町,0.41,88.9,4.9,-,97.3
454290,宮崎県,諸塚村,0.21,78.2,5.4,-,92.1
454303,宮崎県,椎葉村,0.17,83.0,11.4,-,92.4
454311,宮崎県,美郷町,0.17,89.6,7.2,-,96.3
454419,宮崎県,高千穂町,0.25,93.7,5.5,-,99.2
454427,宮崎県,日之影町,0.17,85.0,5.8,9.2,95.5
454435,宮崎県,五ケ瀬町,0.15,89.0,5.4,-,100.2
462012,鹿児島県,鹿児島市,0.73,93.6,3.0,37.3,99.4
462039,鹿児島県,鹿屋市,0.49,92.5,6.1,-,97.2
462047,鹿児島県,枕崎市,0.42,91.8,9.3,27.7,97.5
462063,鹿児島県,阿久根市,0.37,88.3,6.5,-,95.3
462080,鹿児島県,出水市,0.42,93.1,7.9,-,98.7
462101,鹿児島県,指宿市,0.39,98.0,9.2,49.2,99.1
462136,鹿児島県,西之表市,0.28,89.2,10.0,15.8,97.1
462144,鹿児島県,垂水市,0.30,92.8,7.4,26.4,96.8
462152,鹿児島県,薩摩川内市,0.53,92.8,7.9,0.3,97.5
462161,鹿児島県,日置市,0.40,92.1,6.5,30.6,96.3
462179,鹿児島県,曽於市,0.31,87.4,7.2,-,98.0
462187,鹿児島県,霧島市,0.56,90.5,6.5,-,97.9
462195,鹿児島県,いちき串木野市,0.40,92.4,11.6,75.4,96.3
462209,鹿児島県,南さつま市,0.29,92.7,7.7,-,95.8
462217,鹿児島県,志布志市,0.39,86.5,10.0,15.3,96.7
462225,鹿児島県,奄美市,0.27,93.4,9.5,33.9,98.2
462233,鹿児島県,南九州市,0.35,93.8,7.1,-,98.1
462241,鹿児島県,伊佐市,0.39,87.9,8.4,-,99.2
462250,鹿児島県,姶良市,0.51,96.2,11.3,63.1,99.5
463035,鹿児島県,三島村,0.07,90.3,11.9,-,92.1
463043,鹿児島県,十島村,0.07,83.9,10.1,-,95.6
463922,鹿児島県,さつま町,0.37,92.5,4.0,-,95.5
464040,鹿児島県,長島町,0.18,89.2,8.1,4.1,95.3
464520,鹿児島県,湧水町,0.33,87.8,8.3,10.8,97.8
464686,鹿児島県,大崎町,0.36,84.7,8.8,-,95.5
464821,鹿児島県,東串良町,0.35,89.2,7.8,-,97.0
464902,鹿児島県,錦江町,0.19,87.6,6.3,-,96.4
464911,鹿児島県,南大隅町,0.18,93.2,9.6,-,96.5
464929,鹿児島県,肝付町,0.29,92.2,6.1,-,96.9
465011,鹿児島県,中種子町,0.23,89.4,10.2,26.3,96.2
465020,鹿児島県,南種子町,0.25,92.6,11.5,30.4,97.3
465054,鹿児島県,屋久島町,0.24,89.2,13.1,8.5,97.5
465232,鹿児島県,大和村,0.09,90.5,9.6,-,91.4
465241,鹿児島県,宇検村,0.09,91.5,9.3,-,93.7
465259,鹿児島県,瀬戸内町,0.16,89.7,8.8,-,91.9
465275,鹿児島県,龍郷町,0.17,85.2,9.3,-,95.8
465291,鹿児島県,喜界町,0.17,84.4,9.8,-,94.9
465305,鹿児島県,徳之島町,0.24,87.3,6.6,-,88.9
465313,鹿児島県,天城町,0.15,91.3,6.8,23.9,91.5
465321,鹿児島県,伊仙町,0.12,88.9,9.7,74.4,88.3
465330,鹿児島県,和泊町,0.18,89.8,16.3,85.2,92.1
465348,鹿児島県,知名町,0.17,91.0,11.2,22.3,90.0
465356,鹿児島県,与論町,0.16,88.8,11.3,18.4,87.1
472018,沖縄県,那覇市,0.84,90.3,9.5,65.0,97.8
472051,沖縄県,宜野湾市,0.68,86.9,7.6,57.9,95.4
472077,沖縄県,石垣市,0.45,87.1,7.2,59.1,96.6
472085,沖縄県,浦添市,0.81,90.5,5.2,26.5,95.7
472093,沖縄県,名護市,0.46,92.7,5.7,29.5,95.3
472107,沖縄県,糸満市,0.54,90.7,8.1,25.9,94.9
472115,沖縄県,沖縄市,0.59,90.8,6.2,31.5,96.4
472123,沖縄県,豊見城市,0.65,91.0,9.4,102.2,98.7
472131,沖縄県,うるま市,0.49,93.8,6.7,-,96.0
472140,沖縄県,宮古島市,0.36,88.0,7.5,49.5,94.6
472158,沖縄県,南城市,0.37,85.1,6.8,-,98.1
473014,沖縄県,国頭村,0.22,80.0,6.8,7.6,93.3
473022,沖縄県,大宜味村,0.41,88.9,8.3,-,97.4
473031,沖縄県,東村,0.15,87.5,9.5,-,89.7
473065,沖縄県,今帰仁村,0.27,82.1,8.8,-,91.5
473081,沖縄県,本部町,0.35,94.6,10.1,25.7,94.1
473111,沖縄県,恩納村,0.59,78.3,4.8,-,97.2
473138,沖縄県,宜野座村,0.32,80.7,8.7,-,96.7
473146,沖縄県,金武町,0.39,86.0,4.4,-,97.5
473154,沖縄県,伊江村,0.16,81.2,4.5,-,93.9
473243,沖縄県,読谷村,0.63,81.8,4.1,-,98.9
473251,沖縄県,嘉手納町,0.62,74.8,▲ 1.1,-,96.7
473260,沖縄県,北谷町,0.82,80.5,3.9,-,93.3
473278,沖縄県,北中城村,0.69,81.6,5.6,62.2,99.0
473286,沖縄県,中城村,0.66,82.3,6.8,34.9,99.3
473294,沖縄県,西原町,0.67,84.9,8.1,58.3,98.3
473481,沖縄県,与那原町,0.49,90.4,6.2,106.0,98.5
473502,沖縄県,南風原町,0.66,84.0,10.2,71.7,99.8
473537,沖縄県,渡嘉敷村,0.11,88.1,5.4,-,95.8
473545,沖縄県,座間味村,0.11,92.2,12.5,147.9,91.1
473553,沖縄県,粟国村,0.10,92.1,8.0,21.4,88.2
473561,沖縄県,渡名喜村,0.08,86.4,6.9,-,90.2
473570,沖縄県,南大東村,0.16,97.8,9.1,-,89.9
473588,沖縄県,北大東村,0.13,84.0,8.5,15.1,90.1
473596,沖縄県,伊平屋村,0.10,81.5,3.8,106.5,90.3
473600,沖縄県,伊是名村,0.11,90.6,6.7,-,96.4
473618,沖縄県,久米島町,0.20,92.2,5.6,13.6,96.5
473626,沖縄県,八重瀬町,0.44,82.9,9.2,44.4,96.8
473758,沖縄県,多良間村,0.12,84.9,7.5,-,81.6
473812,沖縄県,竹富町,0.16,90.1,6.4,-,94.4
473821,沖縄県,与那国町,0.15,85.3,6.6,-,83.4
